1;1;2
2;1;3
3;1;3
4;2;4
5;2;5
6;3;6
7;3;268
8;5;2480
9;5;6
10;6;267
11;7;8
12;7;4087
13;7;2619
14;8;92
15;8;100
16;9;10
17;9;11
18;9;14
19;10;93
20;10;3242
21;11;12
22;11;13
23;12;13
24;12;14
25;13;90
26;13;3244
27;14;87
28;15;16
29;15;21
30;15;4084
31;16;17
32;16;18
33;17;18
34;17;29
35;18;19
36;19;20
37;19;28
38;20;21
39;20;22
40;21;22
41;22;27
42;23;24
43;23;3605
44;23;3599
45;24;3605
46;24;3599
47;24;4080
48;25;26
49;25;41
50;25;2011
51;26;40
52;26;41
53;27;28
54;27;4083
55;28;47
56;29;30
57;29;47
58;30;31
59;30;47
60;31;4063
61;31;39
62;32;33
63;32;34
64;32;854
65;34;35
66;34;4063
67;35;396
68;35;2489
69;36;37
70;36;38
71;36;39
72;37;2007
73;37;39
74;38;500
75;38;42
76;40;2045
77;40;4086
78;41;42
79;42;2010
80;43;44
81;43;240
82;43;4062
83;44;190
84;44;234
85;45;46
86;45;235
87;45;4067
88;46;129
89;46;935
90;48;49
91;48;51
92;48;3113
93;49;4065
94;49;182
95;50;51
96;50;52
97;50;182
98;51;52
99;52;3116
100;53;54
101;53;55
102;53;59
103;53;60
104;54;307
105;54;56
106;55;56
107;55;57
108;55;58
109;56;308
110;58;59
111;58;154
112;59;66
113;60;62
114;60;1515
115;61;62
116;61;63
117;61;65
118;62;1518
119;63;211
120;63;213
121;64;65
122;64;67
123;64;211
124;65;66
125;66;217
126;67;212
127;67;216
128;68;69
129;68;71
130;68;2304
131;69;70
132;69;72
133;70;71
134;70;74
135;71;73
136;72;122
137;72;2306
138;73;75
139;73;2810
140;74;76
141;74;78
142;75;76
143;75;76
144;77;78
145;77;2810
146;77;4088
147;78;83
148;79;80
149;79;86
150;79;1251
151;80;81
152;80;86
153;81;82
154;81;1972
155;81;2809
156;82;83
157;82;4089
158;83;2741
159;84;85
160;84;105
161;84;2858
162;85;2856
163;85;2859
164;86;87
165;87;88
166;88;89
167;88;1251
168;89;90
169;89;2626
170;90;3245
171;91;92
172;91;100
173;91;94
174;92;94
175;93;94
176;93;3242
177;95;96
178;95;97
179;95;98
180;96;97
181;96;3955
182;97;3237
183;98;99
184;98;99
185;99;100
186;101;102
187;101;103
188;101;121
189;101;121
190;102;104
191;102;2892
192;103;104
193;103;110
194;104;117
195;105;2273
196;105;2820
197;105;4016
198;106;107
199;106;108
200;106;1261
201;106;135
202;109;110
203;109;114
204;109;117
205;110;111
206;111;112
207;111;113
208;112;113
209;112;3898
210;113;114
211;113;123
212;114;116
213;115;116
214;115;119
215;115;3898
216;116;118
217;117;2706
218;118;119
219;118;120
220;119;2713
221;119;2710
222;120;2942
223;120;2707
224;121;122
225;122;2893
226;123;124
227;123;157
228;124;125
229;124;125
230;125;4091
231;126;127
232;126;1265
233;126;1266
234;127;1511
235;127;4004
236;128;129
237;128;130
238;128;624
239;129;432
240;129;433
241;131;132
242;131;136
243;131;1507
244;131;230
245;132;133
246;132;137
247;133;134
248;133;1510
249;134;135
250;134;136
251;135;1263
252;136;293
253;136;586
254;136;370
255;138;139
256;138;153
257;138;229
258;138;4068
259;139;310
260;139;584
261;139;3812
262;140;141
263;140;145
264;140;143
265;142;143
266;142;144
267;142;575
268;143;318
269;143;322
270;144;145
271;144;150
272;145;146
273;146;147
274;146;148
275;148;233
276;148;153
277;149;150
278;149;151
279;149;576
280;150;575
281;151;152
282;151;153
283;152;154
284;152;156
285;154;155
286;156;576
287;156;577
288;156;217
289;157;3201
290;157;3208
291;158;159
292;158;181
293;158;159
294;159;4090
295;160;161
296;160;654
297;160;655
298;161;162
299;161;653
300;162;163
301;162;1072
302;163;164
303;163;1063
304;164;168
305;164;959
306;165;166
307;165;167
308;165;168
309;165;3446
310;165;3447
311;165;3446
312;166;452
313;166;454
314;167;168
315;167;451
316;168;958
317;169;170
318;169;747
319;169;1248
320;170;171
321;170;1915
322;171;172
323;171;173
324;172;341
325;172;1800
326;173;174
327;173;1916
328;174;175
329;174;588
330;174;1783
331;175;176
332;175;590
333;176;177
334;176;1156
335;177;343
336;177;1916
337;178;179
338;178;180
339;178;702
340;179;180
341;179;193
342;180;771
343;181;182
344;181;3120
345;183;184
346;183;185
347;183;187
348;184;185
349;184;4065
350;185;186
351;186;188
352;186;189
353;187;3112
354;187;3111
355;188;3000
356;188;3111
357;189;4064
358;189;2999
359;190;568
360;190;567
361;191;192
362;191;265
363;191;239
364;192;265
365;192;236
366;193;194
367;193;748
368;194;749
369;194;196
370;194;766
371;195;196
372;195;208
373;195;210
374;196;750
375;196;198
376;197;198
377;197;750
378;197;202
379;198;199
380;199;200
381;199;201
382;200;202
383;200;203
384;201;205
385;201;208
386;202;1778
387;203;204
388;203;994
389;203;768
390;204;205
391;204;768
392;205;206
393;205;207
394;206;1784
395;206;1787
396;207;209
397;207;688
398;208;209
399;209;210
400;210;761
401;211;212
402;212;3827
403;213;214
404;213;215
405;214;1518
406;214;2859
407;214;2860
408;215;2862
409;215;2861
410;216;217
411;216;584
412;218;219
413;218;559
414;218;560
415;219;247
416;219;463
417;220;221
418;220;540
419;220;540
420;221;554
421;221;585
422;222;223
423;223;1505
424;223;1504
425;224;225
426;224;228
427;224;561
428;224;1528
429;224;563
430;224;566
431;225;330
432;225;565
433;225;566
434;225;431
435;226;227
436;226;535
437;226;537
438;227;535
439;227;536
440;228;1522
441;228;1525
442;228;4062
443;229;230
444;229;4068
445;229;4016
446;230;266
447;231;232
448;231;3843
449;231;321
450;232;319
451;232;3839
452;233;234
453;233;240
454;234;4062
455;235;236
456;235;1109
457;236;237
458;236;909
459;237;630
460;237;1104
461;238;239
462;238;816
463;238;1080
464;239;4071
465;240;241
466;241;244
467;241;4066
468;242;243
469;242;245
470;242;4067
471;243;244
472;243;245
473;243;4071
474;244;4066
475;245;247
476;246;247
477;247;436
478;248;249
479;248;1003
480;248;252
481;249;1805
482;249;1895
483;250;251
484;250;985
485;250;1895
486;251;252
487;251;253
488;252;1485
489;253;254
490;253;255
491;254;1485
492;254;1813
493;255;984
494;255;982
495;256;257
496;256;1024
497;256;2484
498;257;1028
499;257;258
500;257;1503
501;258;259
502;258;260
503;260;261
504;260;2051
505;261;263
506;261;2006
507;262;263
508;262;264
509;262;2048
510;263;503
511;264;394
512;264;395
513;265;4067
514;266;4069
515;266;4070
516;267;268
517;267;281
518;267;282
519;267;2482
520;268;269
521;269;270
522;269;273
523;270;271
524;270;272
525;272;273
526;272;302
527;273;274
528;274;275
529;274;276
530;275;281
531;275;280
532;276;277
533;276;299
534;277;278
535;277;294
536;278;279
537;278;280
538;279;292
539;279;293
540;280;289
541;281;287
542;282;283
543;282;286
544;283;284
545;283;2482
546;284;285
547;284;2915
548;284;2914
549;285;286
550;285;2914
551;286;287
552;287;288
553;288;289
554;288;290
555;289;291
556;291;292
557;291;296
558;292;297
559;292;296
560;293;294
561;294;298
562;295;296
563;295;297
564;295;2901
565;297;586
566;298;1507
567;298;1508
568;299;300
569;299;301
570;300;301
571;300;302
572;300;4070
573;301;1504
574;302;303
575;303;304
576;303;4070
577;305;306
578;305;1521
579;305;309
580;306;307
581;306;1515
582;307;308
583;308;309
584;309;1521
585;310;313
586;310;3826
587;311;312
588;311;578
589;311;579
590;312;313
591;312;577
592;313;583
593;313;3897
594;314;315
595;314;316
596;314;317
597;315;583
598;315;3897
599;316;575
600;316;582
601;317;318
602;317;319
603;318;320
604;319;320
605;320;321
606;321;322
607;322;568
608;323;324
609;323;567
610;323;3668
611;325;326
612;325;567
613;325;3670
614;326;327
615;326;328
616;327;2289
617;327;3841
618;328;329
619;328;566
620;329;3802
621;329;3739
622;330;429
623;330;2693
624;331;332
625;331;1110
626;331;1597
627;331;922
628;332;1151
629;332;1154
630;332;1111
631;333;334
632;333;1782
633;333;1167
634;334;1166
635;334;1168
636;334;1161
637;335;336
638;335;337
639;335;1161
640;336;1166
641;336;1893
642;337;683
643;337;1859
644;338;339
645;338;340
646;338;478
647;338;479
648;339;480
649;339;747
650;340;341
651;340;342
652;341;342
653;342;1790
654;343;1155
655;343;1156
656;344;345
657;344;347
658;344;1781
659;345;348
660;345;1835
661;346;347
662;346;348
663;346;1845
664;347;1383
665;348;1839
666;349;350
667;349;1942
668;349;1809
669;350;1945
670;350;2225
671;351;352
672;351;1246
673;351;1242
674;352;361
675;352;1920
676;353;354
677;353;2063
678;353;2065
679;354;1921
680;354;1923
681;355;356
682;355;357
683;355;2140
684;356;358
685;356;2062
686;357;358
687;357;2063
688;358;359
689;358;1926
690;359;1923
691;359;1925
692;360;361
693;360;1241
694;360;364
695;361;1918
696;362;363
697;362;364
698;362;365
699;363;366
700;363;1917
701;364;1914
702;365;1914
703;365;1155
704;366;1384
705;366;1917
706;367;368
707;367;2531
708;367;2524
709;368;1400
710;368;2241
711;369;370
712;369;2153
713;369;2776
714;369;2868
715;369;2899
716;370;1260
717;371;372
718;371;373
719;371;374
720;372;2077
721;372;375
722;372;1943
723;373;1022
724;373;2487
725;374;2054
726;374;2056
727;375;376
728;375;2487
729;376;377
730;376;380
731;377;378
732;377;2142
733;378;379
734;378;2222
735;379;380
736;379;2231
737;380;381
738;381;2230
739;381;2487
740;382;383
741;382;504
742;382;2022
743;383;384
744;383;385
745;384;636
746;384;2483
747;385;386
748;385;387
749;386;2016
750;386;2019
751;387;636
752;387;2013
753;387;2112
754;388;389
755;388;390
756;388;390
757;389;1501
758;389;2112
759;390;391
760;391;392
761;391;393
762;392;1501
763;392;1502
764;393;1498
765;393;2111
766;395;396
767;395;2489
768;396;4085
769;397;398
770;397;399
771;397;400
772;399;1236
773;399;496
774;400;401
775;400;2138
776;401;402
777;401;403
778;402;498
779;402;403
780;403;2076
781;404;405
782;404;2075
783;404;2076
784;405;2068
785;405;2071
786;406;407
787;406;409
788;406;410
789;407;408
790;407;1237
791;408;1496
792;408;1497
793;409;411
794;409;2096
795;411;880
796;411;2131
797;412;413
798;412;2326
799;412;2867
800;413;414
801;413;2718
802;414;415
803;414;2720
804;414;2869
805;415;2325
806;415;416
807;416;417
808;416;2728
809;417;2727
810;417;2724
811;418;419
812;418;3324
813;418;425
814;419;420
815;419;424
816;420;3278
817;420;1970
818;421;422
819;421;3256
820;421;3257
821;421;3258
822;422;3308
823;422;3309
824;423;424
825;423;3329
826;423;3330
827;424;425
828;425;2877
829;426;427
830;426;428
831;426;1249
832;427;3328
833;427;3329
834;428;1249
835;428;1981
836;429;430
837;429;431
838;430;431
839;430;573
840;432;434
841;432;941
842;433;434
843;433;435
844;434;1030
845;435;1095
846;435;1099
847;436;437
848;436;1069
849;436;1071
850;437;956
851;437;1065
852;438;439
853;438;1046
854;438;1063
855;438;956
856;439;440
857;439;445
858;440;441
859;440;1042
860;441;443
861;441;445
862;442;443
863;442;959
864;442;1062
865;443;444
866;444;450
867;444;1039
868;445;1062
869;446;447
870;446;448
871;446;1037
872;447;1059
873;447;760
874;448;449
875;448;1059
876;449;450
877;449;451
878;450;1038
879;451;452
880;452;453
881;453;1056
882;453;1060
883;454;1055
884;454;1056
885;455;456
886;455;1031
887;455;951
888;455;4067
889;456;457
890;456;1042
891;457;458
892;457;459
893;457;460
894;458;1044
895;458;1105
896;459;461
897;459;1045
898;459;1044
899;462;463
900;463;1070
901;464;465
902;464;1126
903;464;1362
904;464;3945
905;465;1305
906;465;731
907;465;1310
908;466;467
909;466;468
910;466;1000
911;467;1769
912;467;684
913;468;1769
914;468;835
915;469;470
916;469;1900
917;469;1752
918;470;1381
919;470;1751
920;471;472
921;471;1764
922;471;1768
923;472;473
924;472;1879
925;473;474
926;473;1762
927;474;607
928;474;1765
929;475;476
930;475;936
931;475;933
932;476;477
933;476;986
934;477;1770
935;477;936
936;478;690
937;478;479
938;479;480
939;480;481
940;480;872
941;481;875
942;481;2398
943;482;483
944;482;487
945;482;1819
946;483;484
947;483;485
948;485;1199
949;485;1204
950;486;487
951;486;1768
952;486;1767
953;486;3973
954;487;680
955;487;835
956;488;489
957;488;3065
958;488;874
959;489;873
960;489;877
961;490;491
962;490;1015
963;490;2107
964;492;493
965;492;2376
966;492;2371
967;493;1014
968;493;1007
969;494;495
970;494;1489
971;494;1491
972;496;497
973;496;1910
974;497;2069
975;497;2134
976;498;499
977;498;1965
978;500;501
979;500;2009
980;502;503
981;502;2006
982;502;2007
983;503;2008
984;504;1958
985;504;2232
986;505;506
987;505;543
988;505;587
989;505;553
990;506;507
991;506;555
992;506;553
993;507;508
994;507;509
995;508;509
996;508;551
997;509;510
998;509;511
999;510;646
1000;510;652
1001;511;512
1002;511;513
1003;512;519
1004;512;1530
1005;513;514
1006;513;645
1007;514;515
1008;514;516
1009;515;517
1010;515;522
1011;517;518
1012;517;3381
1013;518;3377
1014;518;3374
1015;519;520
1016;519;521
1017;523;524
1018;523;525
1019;523;3372
1020;525;526
1021;525;533
1022;525;534
1023;526;527
1024;526;532
1025;527;528
1026;527;3416
1027;528;529
1028;528;532
1029;528;2674
1030;529;530
1031;529;531
1032;532;2475
1033;534;537
1034;534;1530
1035;535;4072
1036;536;1529
1037;536;537
1038;538;539
1039;539;540
1040;539;541
1041;539;4072
1042;540;541
1043;541;542
1044;541;553
1045;542;543
1046;542;557
1047;543;544
1048;544;545
1049;544;587
1050;545;546
1051;545;552
1052;546;547
1053;546;548
1054;548;549
1055;548;1078
1056;549;550
1057;549;587
1058;550;1065
1059;550;4060
1060;551;1065
1061;551;4061
1062;552;1065
1063;552;4066
1064;552;4062
1065;554;555
1066;554;556
1067;555;1530
1068;558;559
1069;559;1079
1070;561;562
1071;561;563
1072;562;564
1073;562;1529
1074;563;1524
1075;564;565
1076;564;2888
1077;565;2888
1078;568;569
1079;570;571
1080;570;572
1081;570;1526
1082;573;574
1083;573;4075
1084;575;582
1085;576;578
1086;577;584
1087;578;579
1088;579;580
1089;580;581
1090;580;583
1091;581;582
1092;581;583
1093;586;2919
1094;588;1783
1095;588;592
1096;589;590
1097;589;591
1098;589;592
1099;590;1156
1100;591;593
1101;591;594
1102;592;1228
1103;592;593
1104;593;595
1105;594;595
1106;594;596
1107;595;597
1108;595;1803
1109;596;2113
1110;596;1385
1111;597;598
1112;597;977
1113;597;2115
1114;598;838
1115;598;2118
1116;598;2115
1117;599;600
1118;599;601
1119;599;970
1120;600;743
1121;600;745
1122;601;1688
1123;601;1689
1124;602;603
1125;602;607
1126;602;3995
1127;603;1742
1128;603;604
1129;604;605
1130;604;1743
1131;605;1763
1132;605;3994
1133;606;607
1134;606;608
1135;606;1672
1136;608;609
1137;608;1673
1138;609;1193
1139;609;1765
1140;610;611
1141;610;1843
1142;610;1738
1143;610;1739
1144;611;616
1145;611;1624
1146;612;613
1147;612;1609
1148;612;613
1149;613;617
1150;613;1738
1151;613;1109
1152;614;615
1153;614;1625
1154;614;1626
1155;615;1753
1156;615;1754
1157;616;617
1158;616;618
1159;617;733
1160;617;1843
1161;618;746
1162;618;1745
1163;619;620
1164;619;624
1165;619;935
1166;620;621
1167;620;937
1168;620;1770
1169;621;622
1170;621;1771
1171;622;623
1172;622;939
1173;623;624
1174;623;940
1175;625;626
1176;625;938
1177;625;938
1178;626;902
1179;626;903
1180;627;628
1181;627;629
1182;627;630
1183;628;719
1184;628;903
1185;628;630
1186;629;905
1187;629;908
1188;630;631
1189;630;633
1190;631;632
1191;631;938
1192;632;633
1193;632;1090
1194;633;1091
1195;633;1092
1196;634;635
1197;634;1026
1198;634;1028
1199;635;1502
1200;635;1961
1201;636;1501
1202;636;2483
1203;637;638
1204;637;1393
1205;637;1394
1206;638;639
1207;638;3932
1208;639;640
1209;639;2518
1210;640;641
1211;640;2517
1212;641;642
1213;641;3931
1214;642;643
1215;642;1029
1216;644;645
1217;644;646
1218;644;647
1219;645;3676
1220;646;648
1221;647;649
1222;647;1074
1223;648;649
1224;648;650
1225;648;652
1226;649;651
1227;650;651
1228;650;653
1229;651;1074
1230;652;654
1231;652;1077
1232;653;1061
1233;654;1076
1234;655;656
1235;655;1066
1236;656;1067
1237;656;1075
1238;657;658
1239;657;2364
1240;657;2362
1241;658;1273
1242;658;2365
1243;659;660
1244;659;661
1245;659;2339
1246;660;3533
1247;660;2336
1248;661;2457
1249;661;2456
1250;661;2458
1251;662;663
1252;662;2341
1253;662;3609
1254;663;664
1255;663;4082
1256;664;2378
1257;664;4083
1258;665;666
1259;665;1130
1260;665;1360
1261;666;1131
1262;666;1133
1263;667;668
1264;667;1132
1265;667;670
1266;668;1129
1267;668;1127
1268;668;1130
1269;669;670
1270;669;671
1271;669;672
1272;670;1148
1273;671;674
1274;671;1275
1275;672;673
1276;672;1359
1277;673;1347
1278;673;1401
1279;674;675
1280;674;1408
1281;674;1407
1282;675;1275
1283;675;1403
1284;676;677
1285;676;1729
1286;676;1610
1287;678;679
1288;678;1376
1289;678;1642
1290;679;1722
1291;679;1374
1292;680;1206
1293;680;1711
1294;680;1197
1295;681;682
1296;681;1613
1297;681;1620
1298;683;1859
1299;683;1901
1300;684;685
1301;684;1000
1302;685;686
1303;685;1163
1304;686;687
1305;686;1162
1306;687;1859
1307;687;1894
1308;688;689
1309;688;761
1310;689;762
1311;689;876
1312;690;1787
1313;690;1790
1314;691;692
1315;691;693
1316;691;1825
1317;692;849
1318;692;3940
1319;693;694
1320;693;842
1321;694;2382
1322;694;2220
1323;695;696
1324;695;1870
1325;695;989
1326;696;1772
1327;696;1774
1328;697;698
1329;697;699
1330;697;1891
1331;697;1892
1332;698;699
1333;698;1829
1334;699;1878
1335;699;1890
1336;700;701
1337;700;702
1338;700;1776
1339;701;769
1340;701;1032
1341;702;770
1342;703;704
1343;703;707
1344;703;787
1345;704;705
1346;704;799
1347;705;792
1348;705;798
1349;706;707
1350;706;708
1351;706;709
1352;706;1080
1353;707;711
1354;708;713
1355;708;1081
1356;709;715
1357;709;1083
1358;710;711
1359;710;712
1360;710;713
1361;711;785
1362;713;714
1363;715;815
1364;715;1083
1365;716;717
1366;716;718
1367;716;805
1368;717;800
1369;717;1982
1370;718;809
1371;718;810
1372;718;801
1373;719;720
1374;719;906
1375;720;904
1376;720;905
1377;721;722
1378;721;727
1379;721;1119
1380;722;723
1381;722;726
1382;723;724
1383;723;4094
1384;724;725
1385;724;726
1386;725;1115
1387;725;4094
1388;726;1113
1389;727;1113
1390;727;1117
1391;728;729
1392;728;1149
1393;728;1465
1394;728;1153
1395;729;1151
1396;729;1484
1397;729;1549
1398;730;731
1399;730;1303
1400;730;1321
1401;730;1322
1402;731;1152
1403;731;1282
1404;732;733
1405;732;1378
1406;732;1379
1407;733;835
1408;733;1680
1409;734;735
1410;734;736
1411;734;737
1412;735;1686
1413;735;1461
1414;736;738
1415;736;1452
1416;737;1701
1417;737;739
1418;738;739
1419;738;740
1420;739;742
1421;740;741
1422;740;1451
1423;741;742
1424;741;743
1425;742;744
1426;743;744
1427;744;832
1428;745;1691
1429;745;1641
1430;746;1746
1431;746;1748
1432;747;870
1433;748;749
1434;748;772
1435;749;750
1436;751;752
1437;751;753
1438;751;1057
1439;752;756
1440;752;754
1441;753;754
1442;753;1058
1443;754;755
1444;755;757
1445;755;762
1446;756;757
1447;756;758
1448;757;761
1449;758;759
1450;758;1060
1451;759;760
1452;759;766
1453;760;764
1454;762;3065
1455;763;764
1456;763;765
1457;763;770
1458;764;765
1459;765;766
1460;767;768
1461;767;993
1462;767;992
1463;769;770
1464;769;1035
1465;771;772
1466;771;1875
1467;772;1868
1468;773;774
1469;773;775
1470;773;784
1471;773;3323
1472;774;781
1473;774;775
1474;775;776
1475;776;777
1476;776;901
1477;778;779
1478;778;780
1479;778;3063
1480;779;783
1481;779;897
1482;780;882
1483;780;889
1484;781;782
1485;781;1112
1486;782;1112
1487;782;3341
1488;785;786
1489;785;1977
1490;787;788
1491;787;792
1492;788;791
1493;788;3235
1494;789;790
1495;789;791
1496;789;3235
1497;790;793
1498;790;2640
1499;791;792
1500;793;794
1501;793;2440
1502;794;795
1503;794;2442
1504;795;796
1505;795;3316
1506;796;797
1507;796;798
1508;797;807
1509;797;3236
1510;798;799
1511;799;817
1512;800;801
1513;800;3317
1514;801;802
1515;802;803
1516;802;804
1517;803;885
1518;803;891
1519;804;896
1520;804;3062
1521;805;806
1522;805;808
1523;806;807
1524;806;1982
1525;807;808
1526;807;3236
1527;808;811
1528;809;818
1529;809;813
1530;810;811
1531;810;812
1532;811;812
1533;811;817
1534;812;813
1535;813;814
1536;814;815
1537;814;817
1538;815;816
1539;816;818
1540;818;1084
1541;819;820
1542;819;822
1543;819;823
1544;820;821
1545;820;1639
1546;821;1637
1547;821;1638
1548;822;1700
1549;822;1640
1550;823;825
1551;823;1766
1552;824;825
1553;824;827
1554;824;1207
1555;825;826
1556;826;827
1557;826;1213
1558;827;828
1559;828;829
1560;828;830
1561;829;1218
1562;829;831
1563;829;837
1564;830;831
1565;830;1741
1566;831;1677
1567;832;833
1568;832;1703
1569;833;834
1570;833;1641
1571;834;1375
1572;834;1732
1573;835;1541
1574;836;837
1575;836;1206
1576;836;1676
1577;837;1220
1578;838;1815
1579;838;982
1580;839;840
1581;839;841
1582;839;842
1583;840;843
1584;840;1897
1585;841;1486
1586;841;1001
1587;842;1823
1588;844;845
1589;844;846
1590;844;847
1591;845;3936
1592;845;1887
1593;846;848
1594;846;3936
1595;847;848
1596;847;849
1597;847;1826
1598;848;3940
1599;849;1826
1600;850;851
1601;850;852
1602;850;853
1603;851;1011
1604;851;852
1605;852;854
1606;853;861
1607;853;864
1608;854;855
1609;856;857
1610;856;858
1611;856;859
1612;857;1007
1613;857;1008
1614;859;860
1615;859;2485
1616;860;861
1617;860;862
1618;861;863
1619;862;1236
1620;862;1488
1621;864;865
1622;864;1013
1623;865;1236
1624;865;1965
1625;866;867
1626;866;869
1627;866;2147
1628;867;1248
1629;867;1911
1630;867;1912
1631;868;869
1632;868;870
1633;868;871
1634;868;877
1635;869;2105
1636;870;872
1637;871;872
1638;871;2398
1639;873;874
1640;873;2398
1641;874;875
1642;874;876
1643;875;876
1644;877;2143
1645;878;879
1646;878;880
1647;878;2131
1648;880;881
1649;881;2133
1650;881;2453
1651;882;883
1652;882;884
1653;883;887
1654;883;889
1655;884;885
1656;884;896
1657;885;886
1658;885;890
1659;886;887
1660;886;890
1661;887;888
1662;887;902
1663;888;889
1664;888;897
1665;890;891
1666;891;892
1667;892;893
1668;892;894
1669;893;1085
1670;893;1086
1671;894;895
1672;894;1087
1673;895;1088
1674;895;1089
1675;896;3062
1676;897;898
1677;898;899
1678;898;1107
1679;899;900
1680;899;901
1681;900;904
1682;900;1108
1683;901;922
1684;901;1106
1685;902;1107
1686;903;906
1687;904;917
1688;905;907
1689;905;910
1690;906;1104
1691;907;917
1692;907;918
1693;907;915
1694;908;909
1695;908;1093
1696;909;914
1697;909;910
1698;910;911
1699;910;912
1700;911;915
1701;911;1109
1702;912;913
1703;912;914
1704;913;933
1705;913;934
1706;914;1094
1707;915;916
1708;916;929
1709;916;930
1710;917;918
1711;918;919
1712;919;920
1713;919;921
1714;920;930
1715;920;931
1716;921;932
1717;921;923
1718;922;1104
1719;922;1597
1720;923;924
1721;923;932
1722;924;925
1723;924;931
1724;924;1740
1725;925;926
1726;925;927
1727;926;1543
1728;926;1740
1729;927;928
1730;927;930
1731;928;929
1732;928;1543
1733;929;933
1734;930;931
1735;932;1737
1736;934;935
1737;934;937
1738;936;937
1739;939;1773
1740;939;1775
1741;940;941
1742;940;1533
1743;941;942
1744;941;946
1745;942;943
1746;942;944
1747;943;945
1748;943;946
1749;944;945
1750;944;949
1751;945;950
1752;945;1031
1753;946;947
1754;947;948
1755;947;1101
1756;948;1100
1757;948;1030
1758;949;950
1759;949;1531
1760;950;951
1761;951;952
1762;951;1041
1763;952;953
1764;952;1036
1765;953;954
1766;953;1036
1767;954;955
1768;954;1033
1769;955;1032
1770;955;1531
1771;956;957
1772;956;1064
1773;956;1050
1774;957;958
1775;957;1062
1776;957;1063
1777;958;3455
1778;959;960
1779;961;962
1780;961;963
1781;961;1334
1782;964;965
1783;964;1335
1784;964;966
1785;966;967
1786;966;1336
1787;967;968
1788;967;3984
1789;968;969
1790;968;972
1791;969;970
1792;969;972
1793;970;971
1794;971;3985
1795;971;1688
1796;972;973
1797;973;1332
1798;973;1334
1799;974;975
1800;974;976
1801;974;1451
1802;975;1333
1803;975;1332
1804;976;1450
1805;976;1453
1806;976;1454
1807;977;978
1808;977;979
1809;978;981
1810;978;1806
1811;979;980
1812;979;1803
1813;981;982
1814;981;983
1815;983;984
1816;983;1806
1817;984;985
1818;985;1895
1819;986;987
1820;986;988
1821;987;988
1822;987;1545
1823;988;989
1824;989;1862
1825;989;1770
1826;990;991
1827;990;1851
1828;990;998
1829;991;992
1830;991;993
1831;992;1785
1832;993;994
1833;994;995
1834;995;996
1835;995;1876
1836;996;997
1837;996;1876
1838;996;1780
1839;997;1781
1840;997;999
1841;998;999
1842;998;1848
1843;999;1782
1844;999;1383
1845;1000;1003
1846;1001;1002
1847;1001;1898
1848;1003;1877
1849;1004;1005
1850;1004;1006
1851;1004;1007
1852;1006;1009
1853;1006;2354
1854;1009;1010
1855;1009;1011
1856;1010;4084
1857;1010;2353
1858;1011;1012
1859;1014;1015
1860;1014;2485
1861;1015;1910
1862;1016;1017
1863;1016;2043
1864;1016;2055
1865;1017;1018
1866;1017;1019
1867;1018;2043
1868;1018;2061
1869;1019;1020
1870;1019;2055
1871;1019;2053
1872;1020;1021
1873;1020;2052
1874;1021;1022
1875;1021;2054
1876;1022;1023
1877;1022;2484
1878;1023;1024
1879;1023;1025
1880;1023;2230
1881;1024;2484
1882;1025;1026
1883;1025;2230
1884;1026;1027
1885;1027;1028
1886;1027;2229
1887;1028;1962
1888;1029;4107
1889;1029;4038
1890;1030;1099
1891;1031;1101
1892;1031;1103
1893;1032;1033
1894;1032;1532
1895;1033;1034
1896;1034;1035
1897;1034;1035
1898;1036;1037
1899;1037;1038
1900;1038;1039
1901;1039;1040
1902;1040;1041
1903;1040;1042
1904;1041;1042
1905;1043;1044
1906;1043;1045
1907;1043;1046
1908;1045;1052
1909;1045;1048
1910;1046;1047
1911;1047;1048
1912;1047;1049
1913;1048;1049
1914;1049;1050
1915;1050;1051
1916;1051;1052
1917;1051;1054
1918;1052;1053
1919;1054;1071
1920;1054;1070
1921;1056;1057
1922;1057;1058
1923;1058;3475
1924;1059;1060
1925;1064;1066
1926;1064;1068
1927;1065;1077
1928;1066;1067
1929;1067;1068
1930;1068;1073
1931;1069;1079
1932;1069;1073
1933;1070;1071
1934;1073;1078
1935;1074;3675
1936;1075;1076
1937;1075;1078
1938;1076;1077
1939;1078;1079
1940;1080;1081
1941;1080;1083
1942;1080;1974
1943;1081;1082
1944;1095;1096
1945;1095;1097
1946;1098;1099
1947;1101;1102
1948;1104;1108
1949;1107;1108
1950;1110;1111
1951;1110;1112
1952;1111;1565
1953;1113;1114
1954;1114;1115
1955;1114;1117
1956;1115;1116
1957;1116;1316
1958;1116;1443
1959;1117;1118
1960;1118;1120
1961;1118;1121
1962;1118;1435
1963;1119;1120
1964;1119;3951
1965;1120;4095
1966;1121;1122
1967;1121;1124
1968;1122;1123
1969;1122;1126
1970;1123;1124
1971;1123;1125
1972;1124;1140
1973;1125;1305
1974;1125;1314
1975;1126;1314
1976;1127;1128
1977;1127;1129
1978;1127;3961
1979;1128;1147
1980;1128;1132
1981;1129;1605
1982;1130;1131
1983;1130;1148
1984;1131;1132
1985;1133;1134
1986;1133;1136
1987;1134;1135
1988;1134;1417
1989;1135;1136
1990;1135;1306
1991;1136;1137
1992;1137;1138
1993;1137;1144
1994;1138;1139
1995;1138;1305
1996;1139;1140
1997;1139;1142
1998;1140;1141
1999;1141;1432
2000;1141;1434
2001;1142;1143
2002;1142;1432
2003;1143;1144
2004;1143;1145
2005;1144;1145
2006;1145;1146
2007;1146;1147
2008;1146;1304
2009;1147;3960
2010;1148;1360
2011;1149;1150
2012;1149;1478
2013;1150;1484
2014;1150;1477
2015;1151;1587
2016;1151;1727
2017;1152;1153
2018;1152;1422
2019;1153;1343
2020;1153;1329
2021;1154;1594
2022;1154;1596
2023;1155;1384
2024;1157;1158
2025;1157;1162
2026;1157;1161
2027;1158;1159
2028;1158;1857
2029;1159;1160
2030;1159;1161
2031;1160;1856
2032;1160;1858
2033;1161;1858
2034;1162;1163
2035;1163;1877
2036;1164;1165
2037;1164;1222
2038;1164;1857
2039;1165;1805
2040;1165;1877
2041;1166;1167
2042;1167;1893
2043;1168;1850
2044;1168;1854
2045;1169;1170
2046;1169;1171
2047;1169;2710
2048;1169;2711
2049;1171;1172
2050;1171;1259
2051;1172;1176
2052;1172;1176
2053;1173;1174
2054;1173;1175
2055;1173;1175
2056;1174;1255
2057;1174;2895
2058;1175;3209
2059;1176;1255
2060;1177;1178
2061;1177;1405
2062;1177;1415
2063;1178;1179
2064;1178;1552
2065;1179;1180
2066;1179;1405
2067;1180;1181
2068;1180;1404
2069;1181;1182
2070;1181;1190
2071;1182;1183
2072;1182;1357
2073;1183;1184
2074;1183;1355
2075;1184;1185
2076;1184;1188
2077;1185;1186
2078;1185;1189
2079;1185;1190
2080;1186;1187
2081;1186;1189
2082;1187;1188
2083;1187;1352
2084;1188;1351
2085;1189;1552
2086;1190;1191
2087;1192;1193
2088;1192;1194
2089;1192;1195
2090;1193;1674
2091;1194;1758
2092;1194;1765
2093;1195;1196
2094;1195;1197
2095;1196;1711
2096;1196;1675
2097;1197;1198
2098;1198;1199
2099;1198;1200
2100;1199;1203
2101;1200;1201
2102;1200;1202
2103;1202;1757
2104;1202;1767
2105;1203;1205
2106;1203;1206
2107;1206;1676
2108;1207;1629
2109;1207;1741
2110;1208;1209
2111;1208;1704
2112;1208;1377
2113;1209;1210
2114;1209;1725
2115;1210;1211
2116;1210;1212
2117;1211;1704
2118;1211;1705
2119;1212;1713
2120;1212;1712
2121;1213;1697
2122;1213;1704
2123;1214;1215
2124;1214;1726
2125;1214;1710
2126;1215;1216
2127;1215;1217
2128;1216;1671
2129;1216;1712
2130;1217;1668
2131;1217;1675
2132;1217;1710
2133;1218;1219
2134;1218;1220
2135;1219;1704
2136;1219;1705
2137;1220;1707
2138;1221;1222
2139;1221;1223
2140;1221;1224
2141;1222;1798
2142;1223;1805
2143;1223;1806
2144;1224;1225
2145;1224;1226
2146;1225;1803
2147;1225;1804
2148;1226;1227
2149;1226;1228
2150;1227;1229
2151;1227;1230
2152;1228;1230
2153;1229;1231
2154;1229;1232
2155;1230;1232
2156;1230;1802
2157;1231;1233
2158;1231;1797
2159;1232;1234
2160;1232;1235
2161;1234;1791
2162;1234;1235
2163;1235;1799
2164;1237;1238
2165;1237;1239
2166;1238;2102
2167;1238;2103
2168;1239;1240
2169;1239;1497
2170;1240;1241
2171;1240;1913
2172;1241;1242
2173;1241;1247
2174;1242;1243
2175;1243;1244
2176;1243;2132
2177;1244;1245
2178;1244;1246
2179;1245;1246
2180;1245;2137
2181;1247;1914
2182;1247;2488
2183;1248;2488
2184;1249;1979
2185;1250;1251
2186;1250;3342
2187;1250;2808
2188;1251;2808
2189;1252;1253
2190;1252;1254
2191;1252;2206
2192;1252;2328
2193;1253;2330
2194;1253;2334
2195;1253;2331
2196;1254;2965
2197;1254;2966
2198;1255;1256
2199;1256;1257
2200;1256;2866
2201;1257;1258
2202;1257;2714
2203;1257;2866
2204;1258;1259
2205;1258;2712
2206;1259;2709
2207;1260;1261
2208;1260;2284
2209;1261;1262
2210;1262;1263
2211;1262;2282
2212;1263;1264
2213;1264;1265
2214;1264;1511
2215;1265;2280
2216;1266;2858
2217;1266;4007
2218;1266;1516
2219;1267;1268
2220;1267;3067
2221;1267;3476
2222;1267;2450
2223;1268;1269
2224;1268;1270
2225;1269;3458
2226;1269;3068
2227;1270;1271
2228;1270;1272
2229;1272;1273
2230;1272;3484
2231;1273;1274
2232;1275;1276
2233;1276;1277
2234;1276;1402
2235;1277;1358
2236;1277;1359
2237;1278;1279
2238;1278;1280
2239;1278;1281
2240;1279;1309
2241;1279;1310
2242;1280;1286
2243;1280;1446
2244;1281;1282
2245;1281;1283
2246;1282;1291
2247;1283;1284
2248;1283;1425
2249;1284;1285
2250;1284;1447
2251;1285;1286
2252;1285;1288
2253;1286;1287
2254;1287;1290
2255;1287;3964
2256;1288;1289
2257;1288;1427
2258;1289;1290
2259;1289;1428
2260;1290;1427
2261;1290;1429
2262;1290;1430
2263;1291;1292
2264;1291;1293
2265;1292;1302
2266;1292;1303
2267;1293;1294
2268;1293;1300
2269;1294;1295
2270;1294;1296
2271;1295;1337
2272;1295;1338
2273;1296;1297
2274;1296;1298
2275;1297;1298
2276;1297;1335
2277;1298;1299
2278;1299;1300
2279;1299;1343
2280;1299;1331
2281;1300;1301
2282;1301;1302
2283;1301;1328
2284;1302;1325
2285;1303;1324
2286;1305;1309
2287;1306;1307
2288;1306;1308
2289;1309;1321
2290;1310;1311
2291;1311;1312
2292;1311;1313
2293;1313;1314
2294;1313;1362
2295;1315;1316
2296;1315;1317
2297;1315;1362
2298;1315;1439
2299;1316;3954
2300;1317;1318
2301;1317;1320
2302;1318;1319
2303;1318;1320
2304;1319;1439
2305;1319;3950
2306;1320;3953
2307;1321;1322
2308;1322;1323
2309;1323;1324
2310;1323;1418
2311;1324;1325
2312;1325;1326
2313;1326;1327
2314;1326;1327
2315;1327;1328
2316;1328;1423
2317;1329;1330
2318;1329;1345
2319;1330;1331
2320;1330;1333
2321;1331;1332
2322;1333;1470
2323;1334;1335
2324;1336;1337
2325;1336;3983
2326;1337;1339
2327;1338;1339
2328;1338;1425
2329;1338;1427
2330;1339;1340
2331;1340;1341
2332;1340;3979
2333;1341;1342
2334;1341;1431
2335;1342;3986
2336;1342;3981
2337;1343;1344
2338;1345;1346
2339;1345;1422
2340;1346;1347
2341;1346;1348
2342;1347;1348
2343;1348;1349
2344;1349;1350
2345;1349;1478
2346;1350;1351
2347;1350;1355
2348;1351;1353
2349;1352;1353
2350;1352;1479
2351;1353;1354
2352;1355;1356
2353;1356;1357
2354;1356;1401
2355;1357;1358
2356;1358;1359
2357;1359;1401
2358;1360;1361
2359;1360;1416
2360;1361;1420
2361;1361;1421
2362;1363;1364
2363;1363;1366
2364;1363;1464
2365;1364;1365
2366;1364;1682
2367;1365;1622
2368;1365;1368
2369;1366;1367
2370;1366;1587
2371;1366;1463
2372;1367;1368
2373;1367;1727
2374;1368;1369
2375;1369;1611
2376;1369;1728
2377;1370;1371
2378;1370;1696
2379;1370;1703
2380;1371;1698
2381;1371;1702
2382;1372;1373
2383;1372;1650
2384;1372;3978
2385;1373;1720
2386;1373;3977
2387;1374;1375
2388;1374;1722
2389;1375;1721
2390;1376;1377
2391;1376;1732
2392;1377;1723
2393;1378;1379
2394;1378;1380
2395;1378;1747
2396;1379;1894
2397;1380;1900
2398;1380;1752
2399;1381;1382
2400;1381;1847
2401;1382;1383
2402;1382;1782
2403;1384;1385
2404;1385;2226
2405;1386;1387
2406;1386;1388
2407;1386;2152
2408;1387;1388
2409;1387;1389
2410;1387;2545
2411;1388;2553
2412;1389;2548
2413;1389;2552
2414;1390;1391
2415;1390;1392
2416;1390;3935
2417;1392;1395
2418;1392;1396
2419;1394;2233
2420;1394;2519
2421;1395;1397
2422;1395;2233
2423;1397;1398
2424;1397;2561
2425;1398;1399
2426;1398;2233
2427;1399;1400
2428;1399;2523
2429;1400;2564
2430;1402;1403
2431;1402;1404
2432;1403;1413
2433;1404;1406
2434;1405;1406
2435;1405;1607
2436;1406;1407
2437;1407;3367
2438;1408;1409
2439;1408;1410
2440;1408;1414
2441;1409;1410
2442;1409;1604
2443;1410;1411
2444;1410;1411
2445;1411;1412
2446;1412;3302
2447;1412;3942
2448;1416;1417
2449;1416;1419
2450;1417;1418
2451;1418;1419
2452;1419;1420
2453;1420;1421
2454;1421;1422
2455;1422;1423
2456;1423;1424
2457;1425;1426
2458;1429;1430
2459;1429;1431
2460;1430;1448
2461;1431;3986
2462;1432;1433
2463;1433;1437
2464;1433;1438
2465;1434;1435
2466;1434;1436
2467;1435;1436
2468;1436;4096
2469;1439;1440
2470;1440;1441
2471;1440;1442
2472;1441;1444
2473;1441;3949
2474;1444;1445
2475;1444;1446
2476;1446;3964
2477;1448;1449
2478;1448;3988
2479;1450;1452
2480;1450;1453
2481;1451;1452
2482;1453;1457
2483;1454;1455
2484;1454;1456
2485;1455;1471
2486;1455;1473
2487;1456;1457
2488;1456;1458
2489;1457;1460
2490;1458;1459
2491;1458;1549
2492;1459;1460
2493;1459;1601
2494;1460;1461
2495;1461;1462
2496;1462;1463
2497;1462;1685
2498;1463;1464
2499;1463;1600
2500;1464;1682
2501;1465;1466
2502;1465;1477
2503;1465;1539
2504;1466;1467
2505;1466;1468
2506;1468;1469
2507;1468;1550
2508;1469;1470
2509;1469;1472
2510;1470;1471
2511;1471;1550
2512;1473;1474
2513;1473;1549
2514;1474;1475
2515;1474;1476
2516;1474;1540
2517;1475;1540
2518;1475;1550
2519;1476;1477
2520;1476;1539
2521;1478;1479
2522;1479;1480
2523;1480;1481
2524;1480;1551
2525;1481;1482
2526;1481;1534
2527;1482;1483
2528;1482;1555
2529;1483;1484
2530;1483;1556
2531;1484;1585
2532;1485;1486
2533;1485;1487
2534;1486;1808
2535;1487;1810
2536;1487;1817
2537;1489;1490
2538;1489;1910
2539;1491;1492
2540;1491;2134
2541;1492;1493
2542;1492;2134
2543;1493;1494
2544;1493;2136
2545;1494;1495
2546;1494;1496
2547;1494;2107
2548;1495;2132
2549;1495;2135
2550;1496;2101
2551;1497;2132
2552;1498;1963
2553;1498;1499
2554;1499;1500
2555;1499;1503
2556;1500;2009
2557;1500;2010
2558;1502;1962
2559;1503;2005
2560;1504;1506
2561;1507;1508
2562;1508;1509
2563;1510;1511
2564;1510;1512
2565;1512;4004
2566;1512;4005
2567;1513;1514
2568;1513;1515
2569;1513;4017
2570;1515;1516
2571;1516;1517
2572;1517;1518
2573;1517;2858
2574;1519;1520
2575;1520;1521
2576;1520;4006
2577;1522;1523
2578;1522;1524
2579;1524;1525
2580;1525;1526
2581;1526;1527
2582;1527;1528
2583;1527;1528
2584;1529;2887
2585;1531;1532
2586;1532;1533
2587;1533;1775
2588;1534;1535
2589;1534;1555
2590;1535;1536
2591;1535;1551
2592;1536;1553
2593;1536;1576
2594;1536;4076
2595;1537;1538
2596;1537;1567
2597;1537;1570
2598;1538;1562
2599;1538;1566
2600;1539;1540
2601;1541;1542
2602;1541;1678
2603;1541;1756
2604;1542;1894
2605;1542;1769
2606;1543;1544
2607;1544;1545
2608;1544;1546
2609;1545;1547
2610;1546;1547
2611;1546;1548
2612;1547;1869
2613;1548;1609
2614;1548;1837
2615;1551;1552
2616;1553;1554
2617;1553;1560
2618;1554;1555
2619;1554;1557
2620;1556;1557
2621;1556;1558
2622;1557;1559
2623;1558;1584
2624;1558;1583
2625;1559;1577
2626;1559;1578
2627;1560;1561
2628;1560;1577
2629;1561;1562
2630;1561;1575
2631;1562;1563
2632;1563;1564
2633;1563;1566
2634;1564;1565
2635;1564;1579
2636;1565;1566
2637;1566;1567
2638;1567;1568
2639;1568;1569
2640;1568;1603
2641;1569;1570
2642;1569;1571
2643;1570;1572
2644;1571;1572
2645;1571;1602
2646;1572;1573
2647;1573;1574
2648;1573;1602
2649;1574;1575
2650;1574;3271
2651;1575;1576
2652;1576;3271
2653;1577;1578
2654;1578;1579
2655;1579;1580
2656;1580;1581
2657;1580;1593
2658;1581;1582
2659;1581;1583
2660;1582;1585
2661;1582;1586
2662;1583;1584
2663;1584;1585
2664;1586;1587
2665;1586;1588
2666;1588;1589
2667;1588;1590
2668;1589;1593
2669;1589;1591
2670;1590;1591
2671;1590;1730
2672;1591;1592
2673;1591;1730
2674;1592;1593
2675;1592;1594
2676;1594;1595
2677;1596;1598
2678;1596;1729
2679;1597;1598
2680;1598;1599
2681;1602;3273
2682;1603;3277
2683;1603;3277
2684;1604;1605
2685;1604;1606
2686;1605;3948
2687;1607;1608
2688;1607;3305
2689;1608;3263
2690;1608;3310
2691;1609;1842
2692;1610;1611
2693;1610;1728
2694;1610;1623
2695;1611;1612
2696;1611;1613
2697;1612;1623
2698;1612;1614
2699;1613;1614
2700;1614;1615
2701;1615;1616
2702;1615;1617
2703;1615;1618
2704;1617;1619
2705;1617;1619
2706;1619;1620
2707;1620;1621
2708;1621;1734
2709;1621;1629
2710;1622;1631
2711;1622;1632
2712;1623;1736
2713;1624;1625
2714;1624;1739
2715;1625;1745
2716;1626;1627
2717;1626;1628
2718;1628;1629
2719;1628;1630
2720;1630;1681
2721;1630;1754
2722;1631;1633
2723;1631;1632
2724;1632;1734
2725;1633;1634
2726;1633;1635
2727;1635;1636
2728;1635;1637
2729;1635;1638
2730;1636;1684
2731;1636;1640
2732;1637;1639
2733;1638;1734
2734;1639;1640
2735;1640;1687
2736;1641;1694
2737;1642;1643
2738;1642;1723
2739;1643;1644
2740;1643;1645
2741;1645;1646
2742;1645;1647
2743;1646;1716
2744;1646;1724
2745;1646;1715
2746;1647;1648
2747;1647;1649
2748;1647;1650
2749;1650;1651
2750;1650;3978
2751;1651;1652
2752;1651;1653
2753;1652;1717
2754;1652;1659
2755;1653;1654
2756;1653;1655
2757;1654;1656
2758;1654;1657
2759;1655;1657
2760;1655;1733
2761;1656;1658
2762;1656;1659
2763;1656;1660
2764;1657;1658
2765;1658;3990
2766;1659;1670
2767;1660;1661
2768;1660;1662
2769;1661;1665
2770;1661;1666
2771;1662;1663
2772;1662;1664
2773;1663;1664
2774;1663;1665
2775;1664;3991
2776;1665;3993
2777;1666;1667
2778;1666;1668
2779;1667;1672
2780;1667;1742
2781;1668;1669
2782;1668;1670
2783;1669;1672
2784;1669;1673
2785;1670;1671
2786;1671;1713
2787;1673;1674
2788;1674;1675
2789;1676;1677
2790;1677;1678
2791;1678;1756
2792;1679;1680
2793;1679;1756
2794;1679;1681
2795;1680;1755
2796;1680;1756
2797;1681;1741
2798;1682;1683
2799;1683;1684
2800;1683;1685
2801;1684;1686
2802;1685;1731
2803;1686;1687
2804;1687;1701
2805;1688;1692
2806;1689;1690
2807;1689;1691
2808;1690;1692
2809;1690;1693
2810;1691;1693
2811;1692;1695
2812;1693;1694
2813;1694;1695
2814;1695;1718
2815;1696;1697
2816;1696;1732
2817;1697;1766
2818;1698;1699
2819;1698;1700
2820;1700;1766
2821;1701;1702
2822;1702;1703
2823;1705;1706
2824;1706;1707
2825;1706;1708
2826;1707;1708
2827;1708;1709
2828;1709;1710
2829;1709;1711
2830;1712;1726
2831;1713;1714
2832;1714;1715
2833;1714;1716
2834;1715;1725
2835;1715;1726
2836;1716;1717
2837;1717;1735
2838;1718;1719
2839;1718;1720
2840;1719;3985
2841;1719;3970
2842;1720;1721
2843;1721;1722
2844;1723;1724
2845;1724;1725
2846;1727;1728
2847;1729;1730
2848;1733;4098
2849;1733;3976
2850;1736;1737
2851;1736;1738
2852;1736;1739
2853;1737;1740
2854;1738;1740
2855;1742;1743
2856;1743;1744
2857;1745;1746
2858;1745;1747
2859;1746;1749
2860;1747;1755
2861;1748;1751
2862;1748;1749
2863;1749;1752
2864;1750;1751
2865;1750;1844
2866;1750;1846
2867;1751;1847
2868;1754;1755
2869;1757;1758
2870;1757;1759
2871;1758;1760
2872;1760;1761
2873;1760;1762
2874;1762;1764
2875;1764;1768
2876;1767;1891
2877;1770;1771
2878;1771;1772
2879;1772;1773
2880;1773;1774
2881;1774;1775
2882;1775;1776
2883;1776;1777
2884;1777;1871
2885;1777;1875
2886;1778;1779
2887;1778;1876
2888;1779;1780
2889;1779;1834
2890;1779;1831
2891;1780;1781
2892;1781;1831
2893;1782;1848
2894;1783;1802
2895;1784;1785
2896;1784;1786
2897;1784;1787
2898;1785;1788
2899;1786;1788
2900;1786;1789
2901;1786;1790
2902;1788;1791
2903;1788;1789
2904;1789;1792
2905;1791;1794
2906;1792;1799
2907;1792;1801
2908;1793;1794
2909;1793;1852
2910;1793;1851
2911;1794;1795
2912;1795;1796
2913;1795;1797
2914;1796;1853
2915;1796;1855
2916;1797;1798
2917;1798;1855
2918;1799;1800
2919;1800;1802
2920;1807;1808
2921;1807;2224
2922;1807;2221
2923;1808;1809
2924;1809;1810
2925;1810;1811
2926;1811;1812
2927;1811;1938
2928;1812;1873
2929;1812;2125
2930;1813;1814
2931;1813;1815
2932;1814;1816
2933;1814;1817
2934;1815;2118
2935;1816;1874
2936;1816;2120
2937;1817;1873
2938;1818;1819
2939;1818;1820
2940;1818;1889
2941;1819;1898
2942;1820;1896
2943;1820;1889
2944;1821;1822
2945;1821;1823
2946;1821;1896
2947;1822;1878
2948;1822;1889
2949;1823;1824
2950;1824;1825
2951;1824;1878
2952;1825;1826
2953;1826;1827
2954;1827;1828
2955;1827;1888
2956;1828;1829
2957;1828;1904
2958;1829;1904
2959;1830;1831
2960;1830;1832
2961;1830;1833
2962;1830;1834
2963;1832;1835
2964;1832;1836
2965;1833;1860
2966;1833;1861
2967;1833;1865
2968;1834;1868
2969;1835;1839
2970;1836;1837
2971;1836;1869
2972;1837;1838
2973;1838;1839
2974;1838;1840
2975;1840;1841
2976;1840;1842
2977;1841;1844
2978;1841;1845
2979;1842;1843
2980;1842;1844
2981;1845;1846
2982;1846;1847
2983;1848;1849
2984;1849;1850
2985;1849;1851
2986;1850;1852
2987;1852;1853
2988;1853;1854
2989;1854;1858
2990;1855;1856
2991;1856;1857
2992;1860;1861
2993;1860;1862
2994;1860;1863
2995;1861;1866
2996;1862;1867
2997;1862;1870
2998;1863;1864
2999;1863;1870
3000;1864;1871
3001;1864;1872
3002;1865;1872
3003;1865;1875
3004;1866;1867
3005;1866;1868
3006;1867;1869
3007;1871;1872
3008;1873;1874
3009;1874;2125
3010;1879;1880
3011;1879;1882
3012;1880;1881
3013;1880;1905
3014;1880;1906
3015;1881;1883
3016;1881;1905
3017;1883;1884
3018;1883;1888
3019;1884;1903
3020;1884;3997
3021;1885;1886
3022;1885;1887
3023;1885;1888
3024;1886;1908
3025;1886;1888
3026;1887;3937
3027;1889;1890
3028;1890;1891
3029;1893;1899
3030;1896;1897
3031;1897;1898
3032;1899;1900
3033;1899;1901
3034;1900;1901
3035;1902;1903
3036;1902;1907
3037;1902;1908
3038;1903;3974
3039;1904;1905
3040;1908;1909
3041;1909;3973
3042;1909;4106
3043;1911;2102
3044;1911;1912
3045;1912;1913
3046;1913;2488
3047;1914;1915
3048;1915;1916
3049;1917;1918
3050;1918;1919
3051;1919;1924
3052;1919;2226
3053;1920;1921
3054;1920;2137
3055;1921;1922
3056;1922;1924
3057;1922;1923
3058;1924;1925
3059;1924;2228
3060;1925;1926
3061;1926;1927
3062;1927;1928
3063;1927;2040
3064;1928;1929
3065;1928;2040
3066;1929;1930
3067;1929;2121
3068;1930;1931
3069;1930;1934
3070;1930;2228
3071;1931;1932
3072;1931;1933
3073;1931;2227
3074;1932;2115
3075;1932;2116
3076;1933;1934
3077;1933;2119
3078;1934;1935
3079;1935;2121
3080;1935;1936
3081;1936;1937
3082;1936;2120
3083;1937;2122
3084;1937;2123
3085;1938;1939
3086;1938;1940
3087;1938;1941
3088;1939;1940
3089;1939;1942
3090;1940;2077
3091;1941;2126
3092;1941;2124
3093;1942;1943
3094;1943;1944
3095;1943;2077
3096;1944;1945
3097;1944;2225
3098;1945;2224
3099;1946;1947
3100;1946;2224
3101;1946;2223
3102;1947;1948
3103;1947;2221
3104;1948;1949
3105;1948;1951
3106;1949;1950
3107;1949;1952
3108;1950;2222
3109;1950;2223
3110;1951;1952
3111;1951;2218
3112;1952;1953
3113;1953;1954
3114;1953;1955
3115;1954;2033
3116;1954;2128
3117;1955;1956
3118;1955;1956
3119;1956;1957
3120;1956;2035
3121;1957;1958
3122;1957;1959
3123;1957;2035
3124;1958;2039
3125;1959;2231
3126;1959;2232
3127;1959;1960
3128;1960;1961
3129;1960;2231
3130;1961;2232
3131;1962;1963
3132;1963;1964
3133;1965;2489
3134;1966;1967
3135;1966;1972
3136;1966;3342
3137;1968;1969
3138;1968;3312
3139;1968;3282
3140;1969;2627
3141;1969;3313
3142;1970;1971
3143;1970;3279
3144;1971;3274
3145;1971;3276
3146;1972;1986
3147;1972;1974
3148;1972;2737
3149;1973;1974
3150;1973;2630
3151;1973;1976
3152;1974;2640
3153;1975;1976
3154;1975;1977
3155;1975;3235
3156;1976;3291
3157;1977;3291
3158;1978;1979
3159;1978;1980
3160;1978;3236
3161;1979;3316
3162;1980;1981
3163;1980;1982
3164;1981;1983
3165;1982;1983
3166;1983;3317
3167;1984;1985
3168;1984;1986
3169;1984;3249
3170;1986;1987
3171;1987;2626
3172;1987;3368
3173;1988;1989
3174;1988;2177
3175;1988;2179
3176;1989;3525
3177;1989;2643
3178;1989;3526
3179;1990;1991
3180;1990;3353
3181;1990;2643
3182;1991;2428
3183;1991;2429
3184;1992;1993
3185;1992;3484
3186;1992;3485
3187;1993;3487
3188;1993;3488
3189;1994;1995
3190;1994;2175
3191;1994;2644
3192;1995;2177
3193;1995;3463
3194;1996;1997
3195;1996;1998
3196;1996;3360
3197;1997;3450
3198;1997;3452
3199;1998;3359
3200;1998;2001
3201;1999;2000
3202;1999;3384
3203;1999;3399
3204;2000;3383
3205;2000;3382
3206;2001;2002
3207;2001;3390
3208;2001;3360
3209;2002;3354
3210;2002;3355
3211;2003;2004
3212;2003;3508
3213;2003;2358
3214;2005;2006
3215;2005;2009
3216;2007;2008
3217;2008;4085
3218;2010;2011
3219;2011;2012
3220;2012;2014
3221;2012;2112
3222;2013;2014
3223;2013;2015
3224;2014;2044
3225;2015;2016
3226;2015;2046
3227;2016;2017
3228;2017;2018
3229;2017;4100
3230;2019;2020
3231;2019;4101
3232;2020;2021
3233;2020;2108
3234;2021;2022
3235;2021;2023
3236;2022;2024
3237;2023;2025
3238;2023;2026
3239;2024;2025
3240;2024;2038
3241;2025;2036
3242;2026;2027
3243;2026;2108
3244;2027;2028
3245;2027;2645
3246;2028;2029
3247;2028;2030
3248;2029;2109
3249;2029;2110
3250;2030;2031
3251;2030;2032
3252;2031;2034
3253;2031;2036
3254;2032;2033
3255;2032;2035
3256;2033;2127
3257;2034;2035
3258;2034;2037
3259;2036;2037
3260;2037;2038
3261;2037;2039
3262;2038;2039
3263;2040;2041
3264;2041;2042
3265;2041;2057
3266;2042;2043
3267;2042;2062
3268;2043;2056
3269;2044;2045
3270;2044;2046
3271;2045;4086
3272;2046;2047
3273;2048;2049
3274;2048;2050
3275;2049;2074
3276;2049;2075
3277;2050;2051
3278;2050;2058
3279;2051;2052
3280;2052;2053
3281;2053;2058
3282;2054;2055
3283;2056;2057
3284;2057;2126
3285;2058;2059
3286;2059;2060
3287;2059;2061
3288;2060;2073
3289;2060;2074
3290;2061;2062
3291;2063;2064
3292;2064;2065
3293;2064;2066
3294;2065;2136
3295;2066;2067
3296;2066;2068
3297;2067;2069
3298;2067;2070
3299;2068;2139
3300;2069;2138
3301;2071;2072
3302;2071;2073
3303;2073;2074
3304;2075;2141
3305;2076;2139
3306;2078;2079
3307;2078;2678
3308;2078;2165
3309;2079;2468
3310;2079;2469
3311;2080;2081
3312;2080;2317
3313;2080;2083
3314;2081;2740
3315;2081;2742
3316;2082;2083
3317;2082;2084
3318;2082;2316
3319;2083;2741
3320;2084;2085
3321;2084;4088
3322;2085;2087
3323;2085;4088
3324;2086;2087
3325;2086;2088
3326;2086;2309
3327;2086;2308
3328;2087;2314
3329;2087;2316
3330;2088;2310
3331;2088;2090
3332;2089;2090
3333;2089;2091
3334;2089;2093
3335;2090;2311
3336;2091;2092
3337;2091;2898
3338;2091;2310
3339;2092;2093
3340;2092;2870
3341;2092;2326
3342;2093;2094
3343;2093;2801
3344;2094;2095
3345;2094;2324
3346;2095;2322
3347;2095;2802
3348;2096;2097
3349;2096;2099
3350;2097;2098
3351;2097;2099
3352;2099;2100
3353;2100;2107
3354;2100;3497
3355;2102;2104
3356;2102;2105
3357;2104;2105
3358;2104;2106
3359;2106;2131
3360;2106;2143
3361;2108;2645
3362;2109;2127
3363;2109;3941
3364;2110;4099
3365;2110;2646
3366;2113;2114
3367;2113;2115
3368;2114;2226
3369;2114;2227
3370;2116;2117
3371;2116;2119
3372;2117;2118
3373;2117;2120
3374;2119;2120
3375;2121;2122
3376;2122;2123
3377;2122;2126
3378;2123;2124
3379;2124;2125
3380;2127;2128
3381;2128;2129
3382;2129;2130
3383;2129;2387
3384;2130;2217
3385;2130;2148
3386;2136;2137
3387;2138;2139
3388;2142;2222
3389;2142;2225
3390;2143;2144
3391;2144;2145
3392;2144;2146
3393;2148;2149
3394;2148;2218
3395;2149;2386
3396;2149;2387
3397;2150;2151
3398;2150;2152
3399;2150;2419
3400;2152;2255
3401;2153;2154
3402;2153;2163
3403;2153;2735
3404;2153;2162
3405;2153;2869
3406;2154;2155
3407;2154;2791
3408;2155;2156
3409;2155;2162
3410;2156;2157
3411;2156;2793
3412;2157;2158
3413;2157;2775
3414;2157;2874
3415;2158;2159
3416;2158;2760
3417;2159;2160
3418;2159;2759
3419;2160;2161
3420;2160;2758
3421;2161;2162
3422;2161;2794
3423;2163;2420
3424;2163;2421
3425;2164;2165
3426;2164;2679
3427;2164;2680
3428;2164;2681
3429;2165;2655
3430;2166;2167
3431;2166;2410
3432;2166;2676
3433;2167;2168
3434;2167;2172
3435;2168;2169
3436;2168;2170
3437;2169;2582
3438;2169;2584
3439;2170;2171
3440;2170;2677
3441;2171;2678
3442;2171;2686
3443;2171;2461
3444;2172;2173
3445;2172;2174
3446;2173;2572
3447;2173;2585
3448;2173;2585
3449;2174;2574
3450;2174;2575
3451;2175;2176
3452;2175;3346
3453;2176;3344
3454;2176;3516
3455;2177;2178
3456;2178;2644
3457;2178;2642
3458;2179;2641
3459;2179;2181
3460;2180;2181
3461;2180;2182
3462;2180;2183
3463;2181;3524
3464;2182;2641
3465;2182;3391
3466;2183;2184
3467;2183;3522
3468;2184;2185
3469;2184;2186
3470;2185;3427
3471;2185;2187
3472;2186;2187
3473;2186;2188
3474;2187;3429
3475;2188;2189
3476;2188;3433
3477;2190;2191
3478;2190;3779
3479;2190;3780
3480;2191;3780
3481;2191;3762
3482;2192;2193
3483;2192;3778
3484;2192;3779
3485;2193;2194
3486;2193;2195
3487;2194;3777
3488;2194;3778
3489;2195;2196
3490;2195;3837
3491;2196;2197
3492;2196;3777
3493;2197;2198
3494;2197;2199
3495;2198;3789
3496;2198;2506
3497;2199;2201
3498;2199;2204
3499;2200;2201
3500;2200;3787
3501;2200;3788
3502;2201;2202
3503;2202;2203
3504;2202;3783
3505;2203;2204
3506;2203;2207
3507;2204;2205
3508;2205;2206
3509;2205;3837
3510;2205;3838
3511;2206;2207
3512;2206;3089
3513;2206;3872
3514;2207;3781
3515;2208;2209
3516;2208;3791
3517;2208;2210
3518;2210;2211
3519;2210;3894
3520;2212;2213
3521;2212;3682
3522;2212;3683
3523;2213;2214
3524;2213;2215
3525;2214;2215
3526;2214;2216
3527;2215;2911
3528;2216;3888
3529;2216;3890
3530;2216;2912
3531;2218;2219
3532;2219;2220
3533;2219;2221
3534;2220;2382
3535;2223;2225
3536;2227;2228
3537;2232;2483
3538;2233;2523
3539;2234;2235
3540;2234;2522
3541;2234;2521
3542;2235;2236
3543;2235;2238
3544;2236;2237
3545;2236;4109
3546;2237;2240
3547;2237;2241
3548;2238;2239
3549;2238;4037
3550;2239;4026
3551;2239;4108
3552;2240;2406
3553;2240;4110
3554;2241;2242
3555;2242;2243
3556;2242;2524
3557;2243;2524
3558;2243;2406
3559;2244;2245
3560;2244;2246
3561;2244;2247
3562;2245;2415
3563;2245;2419
3564;2246;2247
3565;2246;2249
3566;2246;2250
3567;2247;2248
3568;2250;2257
3569;2250;2655
3570;2251;2252
3571;2251;2253
3572;2251;2417
3573;2253;2254
3574;2253;3440
3575;2254;2657
3576;2254;2658
3577;2255;2256
3578;2255;2257
3579;2256;2258
3580;2256;2533
3581;2257;2258
3582;2258;2676
3583;2259;2260
3584;2259;2474
3585;2259;2689
3586;2260;2261
3587;2260;2262
3588;2260;2472
3589;2261;2263
3590;2261;2266
3591;2262;2268
3592;2262;2269
3593;2263;2264
3594;2263;2267
3595;2263;2507
3596;2264;2265
3597;2264;2690
3598;2265;2266
3599;2265;2688
3600;2266;2689
3601;2266;2699
3602;2267;2268
3603;2267;3967
3604;2268;2271
3605;2269;2270
3606;2269;2271
3607;2270;2472
3608;2270;2473
3609;2270;2691
3610;2271;2272
3611;2273;2274
3612;2273;2275
3613;2275;2276
3614;2275;2278
3615;2276;2277
3616;2276;2280
3617;2277;2278
3618;2277;2930
3619;2278;2279
3620;2278;2848
3621;2279;2847
3622;2279;2846
3623;2280;2281
3624;2281;2282
3625;2281;2931
3626;2282;2283
3627;2283;2284
3628;2283;2920
3629;2284;2919
3630;2285;2286
3631;2285;2287
3632;2285;2288
3633;2286;3840
3634;2286;3840
3635;2287;3666
3636;2287;3667
3637;2288;3811
3638;2288;3812
3639;2289;3744
3640;2289;3745
3641;2290;2291
3642;2290;2292
3643;2290;3215
3644;2291;3176
3645;2291;3221
3646;2292;2293
3647;2292;3230
3648;2293;2294
3649;2293;2297
3650;2294;2295
3651;2294;2296
3652;2295;2296
3653;2295;2772
3654;2295;2770
3655;2296;3816
3656;2297;2298
3657;2297;2299
3658;2299;2300
3659;2299;2301
3660;2301;2389
3661;2301;3223
3662;2302;2303
3663;2302;2309
3664;2302;2307
3665;2302;2723
3666;2303;2304
3667;2303;2308
3668;2304;2306
3669;2305;2306
3670;2305;2307
3671;2305;2893
3672;2307;2723
3673;2308;2810
3674;2309;2310
3675;2310;2721
3676;2311;2312
3677;2311;2313
3678;2312;2799
3679;2312;2801
3680;2313;2314
3681;2313;2800
3682;2314;2315
3683;2315;2321
3684;2315;2800
3685;2316;2317
3686;2317;2318
3687;2317;2321
3688;2318;2319
3689;2318;2746
3690;2319;2320
3691;2319;2799
3692;2320;2321
3693;2320;2800
3694;2322;2323
3695;2322;2943
3696;2323;2324
3697;2323;2724
3698;2324;2870
3699;2325;2326
3700;2325;2870
3701;2327;2328
3702;2327;3880
3703;2327;3879
3704;2328;2329
3705;2329;3881
3706;2329;3882
3707;2330;3812
3708;2330;3866
3709;2330;3862
3710;2331;2332
3711;2331;2333
3712;2332;3698
3713;2332;3878
3714;2333;3865
3715;2333;3098
3716;2334;3807
3717;2334;3876
3718;2335;2336
3719;2335;2337
3720;2335;2338
3721;2336;3600
3722;2337;2338
3723;2337;3072
3724;2338;2339
3725;2339;2369
3726;2340;2341
3727;2340;2369
3728;2340;3072
3729;2341;2342
3730;2342;2343
3731;2342;2344
3732;2344;2345
3733;2344;2346
3734;2346;2347
3735;2346;3655
3736;2346;4083
3737;2347;2348
3738;2347;3069
3739;2347;3070
3740;2348;2349
3741;2348;2350
3742;2349;3070
3743;2349;3071
3744;2350;2351
3745;2350;4084
3746;2351;2352
3747;2351;2352
3748;2352;2353
3749;2353;2354
3750;2354;2355
3751;2356;2357
3752;2356;3369
3753;2356;3542
3754;2358;2359
3755;2358;3509
3756;2359;3487
3757;2359;3488
3758;2360;2361
3759;2360;3349
3760;2360;3350
3761;2362;2363
3762;2362;3470
3763;2366;2367
3764;2366;3655
3765;2366;2376
3766;2368;2369
3767;2368;2370
3768;2368;2372
3769;2369;3070
3770;2371;2372
3771;2371;2374
3772;2372;2373
3773;2373;3499
3774;2373;3500
3775;2374;2375
3776;2374;2376
3777;2377;2378
3778;2377;2379
3779;2377;2380
3780;2377;2381
3781;2378;3069
3782;2378;3069
3783;2379;3612
3784;2379;3613
3785;2379;4083
3786;2380;3610
3787;2380;3612
3788;2382;2383
3789;2383;2384
3790;2383;2386
3791;2384;2385
3792;2384;2388
3793;2385;3940
3794;2385;3938
3795;2386;2387
3796;2387;2388
3797;2388;3941
3798;2389;2390
3799;2389;3704
3800;2390;2391
3801;2390;3177
3802;2391;2397
3803;2391;3177
3804;2391;3695
3805;2392;2393
3806;2392;2946
3807;2392;4093
3808;2393;2394
3809;2393;3022
3810;2394;3023
3811;2394;3038
3812;2395;2396
3813;2395;3228
3814;2395;2976
3815;2397;3702
3816;2397;3704
3817;2399;2400
3818;2399;2401
3819;2399;2529
3820;2400;2403
3821;2400;4024
3822;2401;2402
3823;2401;2403
3824;2402;2409
3825;2402;2404
3826;2403;2404
3827;2404;4021
3828;2405;2406
3829;2405;2407
3830;2405;2408
3831;2407;2525
3832;2407;2527
3833;2407;2526
3834;2409;2530
3835;2409;2530
3836;2410;2411
3837;2410;2585
3838;2411;2412
3839;2411;2414
3840;2412;2414
3841;2412;4014
3842;2413;2414
3843;2413;2533
3844;2413;2535
3845;2415;2416
3846;2415;2419
3847;2416;2417
3848;2416;2597
3849;2417;2418
3850;2418;2658
3851;2418;2660
3852;2419;2598
3853;2420;2421
3854;2420;2794
3855;2421;2735
3856;2422;2423
3857;2422;2424
3858;2422;2425
3859;2423;2873
3860;2423;2777
3861;2424;2762
3862;2424;2850
3863;2424;2828
3864;2425;2426
3865;2425;2599
3866;2426;2427
3867;2426;2785
3868;2427;2599
3869;2427;2602
3870;2428;2429
3871;2428;2644
3872;2429;3353
3873;2430;2431
3874;2430;3351
3875;2430;3352
3876;2432;2433
3877;2432;2434
3878;2432;3572
3879;2433;3433
3880;2433;3517
3881;2434;2435
3882;2434;2436
3883;2436;2439
3884;2436;3559
3885;2437;2438
3886;2437;2439
3887;2437;3434
3888;2439;3440
3889;2440;2441
3890;2440;2442
3891;2441;2653
3892;2441;3325
3893;2442;3315
3894;2443;2444
3895;2443;2445
3896;2443;2448
3897;2444;2449
3898;2444;3357
3899;2445;2446
3900;2445;2447
3901;2446;3457
3902;2446;3458
3903;2449;3471
3904;2449;3472
3905;2450;2451
3906;2450;3064
3907;2452;2453
3908;2452;3656
3909;2452;3657
3910;2453;2454
3911;2454;3495
3912;2454;3497
3913;2455;2456
3914;2455;2457
3915;2455;3504
3916;2456;3614
3917;2457;2654
3918;2458;2654
3919;2458;3533
3920;2459;2460
3921;2459;2461
3922;2459;2463
3923;2460;2687
3924;2460;2461
3925;2461;2468
3926;2462;2463
3927;2462;2466
3928;2462;2467
3929;2463;2464
3930;2464;2467
3931;2464;2469
3932;2465;2466
3933;2465;2470
3934;2465;2513
3935;2466;2471
3936;2467;2515
3937;2467;2686
3938;2467;2694
3939;2468;2469
3940;2470;2511
3941;2470;2512
3942;2471;2688
3943;2471;2690
3944;2472;2565
3945;2474;2580
3946;2474;2695
3947;2475;2476
3948;2475;2477
3949;2477;2673
3950;2477;2880
3951;2477;2879
3952;2478;2479
3953;2478;2480
3954;2478;3234
3955;2479;3362
3956;2479;3364
3957;2480;2481
3958;2481;2482
3959;2481;3365
3960;2485;2486
3961;2490;2491
3962;2490;2499
3963;2490;3634
3964;2491;2492
3965;2491;3633
3966;2492;2493
3967;2492;4041
3968;2493;2494
3969;2493;2495
3970;2495;2496
3971;2495;2497
3972;2496;2499
3973;2496;2502
3974;2497;2498
3975;2497;4039
3976;2499;2500
3977;2500;2501
3978;2500;2501
3979;2501;3635
3980;2502;2503
3981;2502;2558
3982;2503;2504
3983;2503;2550
3984;2505;2506
3985;2505;2507
3986;2505;2509
3987;2506;3792
3988;2507;2508
3989;2509;2510
3990;2509;3769
3991;2511;2512
3992;2511;3769
3993;2512;2690
3994;2513;2514
3995;2513;3771
3996;2514;2515
3997;2514;2889
3998;2515;2516
3999;2516;2681
4000;2516;2680
4001;2518;2520
4002;2518;2522
4003;2519;2520
4004;2519;2521
4005;2520;2522
4006;2521;2523
4007;2525;2526
4008;2525;2527
4009;2526;2529
4010;2526;2530
4011;2527;2528
4012;2527;2528
4013;2528;2572
4014;2529;4110
4015;2531;2532
4016;2531;2570
4017;2533;2534
4018;2535;2536
4019;2535;2537
4020;2537;2538
4021;2537;2539
4022;2539;2540
4023;2539;2541
4024;2540;2546
4025;2540;4029
4026;2541;2542
4027;2541;4031
4028;2542;2543
4029;2542;2548
4030;2543;2544
4031;2543;2548
4032;2546;2547
4033;2546;4027
4034;2549;2550
4035;2549;2551
4036;2549;2552
4037;2550;4035
4038;2551;2552
4039;2551;2553
4040;2553;2554
4041;2553;2560
4042;2554;2555
4043;2554;2560
4044;2555;2556
4045;2555;2557
4046;2557;2558
4047;2557;2559
4048;2558;2698
4049;2559;2594
4050;2559;2596
4051;2559;2598
4052;2560;2598
4053;2561;2562
4054;2561;2563
4055;2563;2564
4056;2563;2565
4057;2564;2576
4058;2565;2691
4059;2566;2567
4060;2566;2568
4061;2566;2569
4062;2568;2577
4063;2568;2575
4064;2569;2570
4065;2569;2571
4066;2570;2571
4067;2571;2696
4068;2572;2573
4069;2572;2573
4070;2573;2574
4071;2574;2587
4072;2575;2587
4073;2576;2586
4074;2576;2697
4075;2577;2578
4076;2577;2580
4077;2578;2579
4078;2578;2586
4079;2580;2581
4080;2581;2582
4081;2581;2584
4082;2581;2587
4083;2582;2583
4084;2584;2686
4085;2584;2689
4086;2586;2695
4087;2588;2589
4088;2588;2591
4089;2588;3559
4090;2589;2590
4091;2589;3440
4092;2590;2591
4093;2590;2592
4094;2591;3646
4095;2592;2596
4096;2592;3645
4097;2593;2594
4098;2593;2595
4099;2593;3635
4100;2594;3645
4101;2596;2597
4102;2597;2598
4103;2599;2763
4104;2600;2601
4105;2600;2602
4106;2600;2816
4107;2600;2818
4108;2601;2602
4109;2601;2786
4110;2603;2604
4111;2603;2605
4112;2603;2731
4113;2604;2728
4114;2604;2732
4115;2605;2606
4116;2605;2766
4117;2606;2731
4118;2606;2765
4119;2607;2608
4120;2607;2617
4121;2607;3238
4122;2608;2609
4123;2608;2610
4124;2609;2611
4125;2609;3958
4126;2610;2613
4127;2610;3287
4128;2611;2612
4129;2611;3286
4130;2612;3256
4131;2612;3297
4132;2613;2614
4133;2613;2615
4134;2614;2616
4135;2614;2625
4136;2615;2616
4137;2615;2617
4138;2616;2618
4139;2617;3237
4140;2618;2619
4141;2618;2647
4142;2619;3061
4143;2620;2621
4144;2620;3061
4145;2620;3253
4146;2620;3243
4147;2621;3239
4148;2621;3241
4149;2622;2623
4150;2622;3284
4151;2622;2648
4152;2623;2624
4153;2623;2625
4154;2625;2647
4155;2625;2648
4156;2626;3247
4157;2627;3257
4158;2627;3275
4159;2628;2629
4160;2628;2630
4161;2628;2631
4162;2629;2633
4163;2629;2652
4164;2630;3290
4165;2631;2632
4166;2631;3292
4167;2632;3288
4168;2632;3289
4169;2632;2636
4170;2633;2634
4171;2633;3254
4172;2634;3051
4173;2634;3053
4174;2635;2636
4175;2635;2637
4176;2635;3232
4177;2635;3233
4178;2636;3293
4179;2637;3294
4180;2637;2638
4181;2638;2639
4182;2638;3366
4183;2639;3232
4184;2639;2761
4185;2640;2651
4186;2641;3461
4187;2642;2643
4188;2642;3524
4189;2645;2646
4190;2646;4099
4191;2646;4101
4192;2647;2650
4193;2648;2649
4194;2649;3285
4195;2649;3286
4196;2651;2652
4197;2651;2653
4198;2652;3255
4199;2653;3054
4200;2654;3505
4201;2655;2656
4202;2656;2677
4203;2656;2678
4204;2658;2659
4205;2660;2662
4206;2660;2684
4207;2661;2662
4208;2661;2664
4209;2661;2665
4210;2662;2663
4211;2663;2672
4212;2663;2685
4213;2665;2671
4214;2665;2672
4215;2665;2675
4216;2666;2667
4217;2666;2668
4218;2666;2671
4219;2668;2669
4220;2668;2670
4221;2670;2671
4222;2670;2675
4223;2670;3420
4224;2672;2673
4225;2673;2674
4226;2673;2879
4227;2674;2675
4228;2676;2677
4229;2680;2682
4230;2681;2683
4231;2683;2684
4232;2683;2883
4233;2684;2685
4234;2685;2881
4235;2686;2687
4236;2686;2891
4237;2687;2688
4238;2691;2692
4239;2693;2694
4240;2693;2886
4241;2694;2890
4242;2695;2697
4243;2697;4015
4244;2699;2891
4245;2699;2891
4246;2700;2701
4247;2700;2702
4248;2700;2716
4249;2701;2894
4250;2701;2706
4251;2702;2703
4252;2702;2704
4253;2702;2715
4254;2703;2704
4255;2703;2705
4256;2704;2712
4257;2705;2706
4258;2705;2708
4259;2706;2707
4260;2707;2708
4261;2708;2942
4262;2709;2710
4263;2709;2942
4264;2712;2713
4265;2713;2714
4266;2714;2715
4267;2714;2718
4268;2715;2716
4269;2716;2717
4270;2717;2896
4271;2717;2897
4272;2718;2719
4273;2719;2720
4274;2719;2730
4275;2720;2728
4276;2720;2729
4277;2721;2722
4278;2721;2723
4279;2722;2892
4280;2722;2894
4281;2724;2725
4282;2725;2726
4283;2725;2944
4284;2726;2727
4285;2726;2735
4286;2727;2869
4287;2729;2730
4288;2729;2731
4289;2730;2895
4290;2731;2895
4291;2732;2733
4292;2732;2812
4293;2733;2734
4294;2733;2869
4295;2734;2788
4296;2734;2789
4297;2736;2737
4298;2736;2738
4299;2736;2750
4300;2737;2806
4301;2737;2749
4302;2738;2739
4303;2738;2748
4304;2738;2749
4305;2739;2745
4306;2739;2751
4307;2740;2741
4308;2740;4089
4309;2741;4089
4310;2742;2743
4311;2742;2744
4312;2743;2803
4313;2743;2809
4314;2744;2745
4315;2744;2747
4316;2745;2746
4317;2746;2799
4318;2747;2748
4319;2747;2803
4320;2748;2804
4321;2749;2750
4322;2749;2751
4323;2750;3233
4324;2751;2752
4325;2751;2755
4326;2752;2753
4327;2752;2754
4328;2753;2756
4329;2753;2797
4330;2754;2755
4331;2754;2758
4332;2754;2759
4333;2755;3232
4334;2756;2757
4335;2756;2758
4336;2757;2795
4337;2757;2796
4338;2759;2760
4339;2760;2761
4340;2761;2874
4341;2762;2835
4342;2762;2828
4343;2763;2764
4344;2763;2850
4345;2764;2826
4346;2764;2850
4347;2765;2766
4348;2765;3198
4349;2766;2849
4350;2767;2768
4351;2767;2769
4352;2767;2827
4353;2767;2829
4354;2768;2833
4355;2768;2835
4356;2769;2770
4357;2769;2992
4358;2770;2771
4359;2771;2773
4360;2771;2830
4361;2772;2773
4362;2772;2774
4363;2773;2851
4364;2774;2851
4365;2774;3817
4366;2774;3818
4367;2775;2811
4368;2775;2926
4369;2776;2916
4370;2776;2917
4371;2777;2778
4372;2777;2872
4373;2778;2779
4374;2778;2780
4375;2779;2782
4376;2779;2811
4377;2780;2781
4378;2780;2785
4379;2781;2782
4380;2781;2783
4381;2782;2792
4382;2783;2784
4383;2783;2790
4384;2784;2785
4385;2784;2941
4386;2786;2787
4387;2786;2813
4388;2787;2788
4389;2787;2812
4390;2788;2941
4391;2789;2790
4392;2789;2791
4393;2790;2941
4394;2791;2792
4395;2792;2793
4396;2793;2811
4397;2794;2795
4398;2795;2945
4399;2796;2797
4400;2796;2945
4401;2797;2798
4402;2798;2799
4403;2798;2943
4404;2801;2802
4405;2802;2943
4406;2803;2809
4407;2804;2805
4408;2804;2807
4409;2806;2807
4410;2806;3288
4411;2807;2808
4412;2812;2813
4413;2813;2814
4414;2814;2815
4415;2814;2816
4416;2815;2817
4417;2815;2849
4418;2816;2817
4419;2817;2818
4420;2818;2819
4421;2819;2821
4422;2819;2823
4423;2820;2821
4424;2820;2822
4425;2820;2837
4426;2821;2824
4427;2821;3192
4428;2822;2836
4429;2822;2839
4430;2822;2873
4431;2823;2824
4432;2823;3210
4433;2824;2825
4434;2825;2826
4435;2825;2993
4436;2825;3214
4437;2826;2827
4438;2827;2828
4439;2829;2830
4440;2829;2831
4441;2830;2851
4442;2831;2832
4443;2831;2833
4444;2832;2852
4445;2832;2871
4446;2833;2834
4447;2834;2836
4448;2834;2837
4449;2835;2836
4450;2837;2838
4451;2838;2840
4452;2838;2841
4453;2838;2853
4454;2839;2840
4455;2839;2846
4456;2839;2847
4457;2840;2841
4458;2841;2843
4459;2842;2843
4460;2842;2854
4461;2842;2845
4462;2843;2845
4463;2844;2845
4464;2844;2846
4465;2844;2855
4466;2847;2848
4467;2848;2932
4468;2849;3194
4469;2851;2871
4470;2852;2853
4471;2852;2871
4472;2853;2854
4473;2854;2855
4474;2854;2864
4475;2855;2856
4476;2856;2857
4477;2859;2860
4478;2860;2861
4479;2861;2862
4480;2862;3829
4481;2863;2864
4482;2863;2865
4483;2863;2865
4484;2864;3818
4485;2865;3821
4486;2866;2867
4487;2867;2896
4488;2868;2923
4489;2868;2924
4490;2872;2873
4491;2872;2932
4492;2874;2913
4493;2875;2876
4494;2875;3321
4495;2875;3322
4496;2875;2877
4497;2877;2878
4498;2879;2881
4499;2881;2882
4500;2882;2883
4501;2882;2885
4502;2883;2884
4503;2884;2889
4504;2884;2890
4505;2885;2886
4506;2885;2887
4507;2886;2888
4508;2887;4074
4509;2889;2890
4510;2892;2893
4511;2894;2897
4512;2896;2898
4513;2897;2898
4514;2899;2900
4515;2899;2901
4516;2901;2902
4517;2902;2903
4518;2902;2924
4519;2903;2913
4520;2903;2914
4521;2904;2905
4522;2904;2906
4523;2904;4103
4524;2905;2912
4525;2905;3886
4526;2906;2907
4527;2906;2908
4528;2907;2909
4529;2907;2912
4530;2908;2910
4531;2908;3909
4532;2909;2910
4533;2909;2911
4534;2910;3679
4535;2911;3679
4536;2913;2915
4537;2915;3365
4538;2916;2921
4539;2916;2922
4540;2917;2918
4541;2917;2919
4542;2918;2920
4543;2918;2921
4544;2920;2921
4545;2920;2931
4546;2921;2929
4547;2922;2923
4548;2922;2927
4549;2923;2925
4550;2924;2925
4551;2925;2926
4552;2926;2927
4553;2927;2928
4554;2928;2929
4555;2928;2932
4556;2929;2930
4557;2930;2931
4558;2933;2934
4559;2933;2935
4560;2933;4104
4561;2934;3913
4562;2934;3870
4563;2935;2936
4564;2935;2940
4565;2936;2937
4566;2936;3914
4567;2936;3913
4568;2937;3915
4569;2937;2938
4570;2938;2939
4571;2938;3087
4572;2939;2940
4573;2939;3088
4574;2940;4102
4575;2943;2944
4576;2944;2945
4577;2946;2947
4578;2946;3021
4579;2947;2948
4580;2947;4092
4581;2948;2949
4582;2948;2987
4583;2949;2950
4584;2949;2951
4585;2950;2951
4586;2950;2954
4587;2951;2952
4588;2951;4092
4589;2952;2953
4590;2952;4092
4591;2953;2954
4592;2953;4064
4593;2954;2994
4594;2955;2956
4595;2955;2957
4596;2955;2958
4597;2955;3885
4598;2956;3092
4599;2956;3694
4600;2957;3694
4601;2957;3693
4602;2958;2959
4603;2958;2960
4604;2959;3887
4605;2959;3889
4606;2960;3872
4607;2960;3781
4608;2961;2962
4609;2961;2963
4610;2961;3882
4611;2962;3872
4612;2962;3883
4613;2963;2964
4614;2963;3847
4615;2964;2965
4616;2964;3716
4617;2964;3830
4618;2964;3853
4619;2965;2967
4620;2966;2967
4621;2966;2968
4622;2967;2969
4623;2968;2969
4624;2968;3878
4625;2969;2970
4626;2970;3716
4627;2970;3714
4628;2971;2972
4629;2971;3050
4630;2971;3017
4631;2972;2973
4632;2972;3152
4633;2973;3100
4634;2973;3132
4635;2974;2975
4636;2974;2976
4637;2974;3229
4638;2975;2982
4639;2975;3160
4640;2976;2977
4641;2977;2978
4642;2977;2981
4643;2978;2979
4644;2978;2980
4645;2982;2983
4646;2982;2984
4647;2983;2984
4648;2983;3929
4649;2984;3158
4650;2985;2986
4651;2985;3228
4652;2985;4103
4653;2986;3690
4654;2986;3885
4655;2988;2989
4656;2988;2990
4657;2988;2991
4658;2989;2993
4659;2989;4019
4660;2990;2991
4661;2990;4019
4662;2990;2992
4663;2990;3215
4664;2991;2992
4665;2993;4019
4666;2994;2995
4667;2994;2996
4668;2995;2998
4669;2995;3003
4670;2996;2997
4671;2996;4064
4672;2997;2998
4673;2997;2999
4674;2998;3002
4675;2999;3000
4676;3000;3001
4677;3001;3002
4678;3001;3146
4679;3002;3004
4680;3003;3004
4681;3003;3007
4682;3004;3005
4683;3005;3006
4684;3005;3008
4685;3006;3018
4686;3006;3019
4687;3007;3019
4688;3007;3020
4689;3007;3021
4690;3008;3009
4691;3008;3018
4692;3009;3010
4693;3009;3011
4694;3010;3011
4695;3010;3012
4696;3011;3146
4697;3012;3013
4698;3012;3015
4699;3013;3014
4700;3013;3017
4701;3015;3016
4702;3015;3152
4703;3017;3153
4704;3018;3044
4705;3018;3153
4706;3019;3040
4707;3021;3039
4708;3023;3024
4709;3023;3026
4710;3023;3031
4711;3024;3025
4712;3024;3027
4713;3027;3028
4714;3027;3029
4715;3028;3145
4716;3028;3144
4717;3029;3030
4718;3029;3926
4719;3031;3032
4720;3031;3033
4721;3033;3034
4722;3033;3035
4723;3035;3036
4724;3035;3038
4725;3036;3037
4726;3036;3921
4727;3037;3038
4728;3037;3920
4729;3040;3041
4730;3040;3155
4731;3041;3042
4732;3041;3143
4733;3042;3043
4734;3042;3044
4735;3044;3045
4736;3045;3046
4737;3045;3139
4738;3046;3047
4739;3046;3153
4740;3047;3048
4741;3047;3138
4742;3047;3139
4743;3048;3049
4744;3048;3050
4745;3050;3137
4746;3052;3053
4747;3052;3054
4748;3052;3254
4749;3053;3055
4750;3054;3325
4751;3055;3325
4752;3055;3326
4753;3056;3057
4754;3056;3336
4755;3056;3279
4756;3058;3059
4757;3058;3239
4758;3058;3243
4759;3060;3061
4760;3060;3340
4761;3060;3339
4762;3062;3063
4763;3063;3318
4764;3064;3065
4765;3064;3066
4766;3067;3068
4767;3067;3455
4768;3067;3656
4769;3068;3458
4770;3068;3459
4771;3072;3073
4772;3073;3609
4773;3073;3600
4774;3074;3075
4775;3074;3086
4776;3074;3799
4777;3075;3076
4778;3075;3091
4779;3077;3078
4780;3077;3084
4781;3077;3086
4782;3078;3079
4783;3078;3080
4784;3081;3082
4785;3081;3083
4786;3081;3088
4787;3083;3084
4788;3083;4102
4789;3084;3085
4790;3086;3087
4791;3087;3088
4792;3088;4102
4793;3089;3090
4794;3089;3689
4795;3089;3794
4796;3089;3870
4797;3089;3871
4798;3090;3786
4799;3090;3787
4800;3092;3093
4801;3092;3094
4802;3093;3695
4803;3093;3696
4804;3094;3880
4805;3094;3881
4806;3095;3096
4807;3095;3688
4808;3095;3795
4809;3096;3097
4810;3096;3797
4811;3097;3796
4812;3097;3793
4813;3097;3894
4814;3098;3099
4815;3098;3895
4816;3100;3101
4817;3100;3103
4818;3100;3124
4819;3101;3102
4820;3101;3119
4821;3102;3103
4822;3102;3117
4823;3103;3104
4824;3103;3104
4825;3104;3105
4826;3105;3106
4827;3105;3107
4828;3106;3147
4829;3106;3150
4830;3107;3108
4831;3107;3114
4832;3108;3109
4833;3108;3112
4834;3109;3110
4835;3109;3111
4836;3111;3148
4837;3112;3114
4838;3113;3114
4839;3113;4065
4840;3114;3115
4841;3115;3116
4842;3115;3117
4843;3116;3118
4844;3117;3118
4845;3118;3119
4846;3119;3120
4847;3120;3121
4848;3121;3122
4849;3121;3123
4850;3122;3201
4851;3122;3202
4852;3123;3124
4853;3123;3200
4854;3124;3125
4855;3125;3126
4856;3125;3127
4857;3125;3128
4858;3126;3127
4859;3126;3192
4860;3127;3196
4861;3128;3129
4862;3128;3130
4863;3130;3131
4864;3130;3186
4865;3130;3187
4866;3131;3132
4867;3131;3136
4868;3132;3133
4869;3132;3134
4870;3134;3135
4871;3134;3136
4872;3135;3136
4873;3135;3216
4874;3137;3138
4875;3137;3216
4876;3138;3167
4877;3139;3140
4878;3139;3164
4879;3140;3141
4880;3140;3156
4881;3141;3142
4882;3141;3143
4883;3143;3144
4884;3144;3145
4885;3145;3900
4886;3146;3147
4887;3147;3148
4888;3148;3149
4889;3150;3151
4890;3150;3152
4891;3153;3154
4892;3156;3157
4893;3156;3158
4894;3158;3159
4895;3159;3162
4896;3159;3164
4897;3160;3161
4898;3160;3162
4899;3162;3163
4900;3164;3165
4901;3165;3166
4902;3165;3168
4903;3165;3169
4904;3166;3167
4905;3166;3180
4906;3167;3182
4907;3169;3170
4908;3169;3179
4909;3170;3171
4910;3170;3180
4911;3171;3172
4912;3171;3217
4913;3172;3173
4914;3172;3174
4915;3174;3175
4916;3174;3176
4917;3176;3185
4918;3177;3178
4919;3177;3694
4920;3178;3225
4921;3178;3691
4922;3180;3181
4923;3182;3183
4924;3182;3184
4925;3185;3186
4926;3185;3216
4927;3186;3215
4928;3187;3188
4929;3187;3188
4930;3188;3189
4931;3189;3190
4932;3189;3191
4933;3191;3192
4934;3191;3210
4935;3192;3193
4936;3193;3194
4937;3193;3195
4938;3194;3195
4939;3195;3196
4940;3196;3198
4941;3197;3198
4942;3197;3199
4943;3197;3209
4944;3199;3200
4945;3199;3204
4946;3200;3201
4947;3202;3203
4948;3202;4090
4949;3204;3205
4950;3204;3206
4951;3206;3207
4952;3206;3208
4953;3208;3209
4954;3210;3211
4955;3211;3212
4956;3211;3213
4957;3212;3213
4958;3212;3214
4959;3213;3231
4960;3214;4019
4961;3217;3218
4962;3217;3227
4963;3218;3219
4964;3218;3220
4965;3220;3221
4966;3220;3227
4967;3221;3222
4968;3222;3223
4969;3222;3225
4970;3223;3224
4971;3225;3226
4972;3227;3228
4973;3233;4078
4974;3237;3238
4975;3238;3956
4976;3239;3240
4977;3240;3241
4978;3240;3242
4979;3240;3241
4980;3243;3244
4981;3244;3245
4982;3245;3246
4983;3245;3247
4984;3246;3250
4985;3246;3248
4986;3246;3251
4987;3247;3368
4988;3248;3249
4989;3248;3368
4990;3249;3250
4991;3250;3253
4992;3251;3252
4993;3251;3253
4994;3254;3255
4995;3255;3343
4996;3256;3313
4997;3257;3258
4998;3258;3259
4999;3259;3260
5000;3259;3265
5001;3260;3261
5002;3260;4076
5003;3261;3262
5004;3261;3264
5005;3262;3263
5006;3262;3310
5007;3263;3264
5008;3264;3308
5009;3265;3266
5010;3265;3266
5011;3266;3267
5012;3267;3268
5013;3267;3272
5014;3268;3269
5015;3268;3270
5016;3269;3271
5017;3269;4076
5018;3270;3271
5019;3270;3272
5020;3272;3273
5021;3273;3274
5022;3274;3275
5023;3275;3312
5024;3276;3277
5025;3276;3278
5026;3278;3341
5027;3279;3280
5028;3280;3281
5029;3280;3337
5030;3281;3282
5031;3281;3312
5032;3282;3283
5033;3282;3314
5034;3283;3284
5035;3283;3340
5036;3284;3285
5037;3285;3314
5038;3286;3287
5039;3287;3296
5040;3288;3342
5041;3290;3291
5042;3290;3292
5043;3292;3363
5044;3293;3294
5045;3293;3363
5046;3294;3295
5047;3295;3364
5048;3295;3362
5049;3297;3298
5050;3297;3958
5051;3298;3299
5052;3298;3307
5053;3299;3300
5054;3299;3301
5055;3301;3302
5056;3301;3306
5057;3302;3303
5058;3303;3304
5059;3303;3367
5060;3304;3305
5061;3304;3306
5062;3305;3367
5063;3306;3307
5064;3307;3308
5065;3310;3311
5066;3313;3314
5067;3315;3316
5068;3315;3327
5069;3317;3318
5070;3318;3319
5071;3319;3320
5072;3319;3321
5073;3321;3322
5074;3322;3323
5075;3322;3324
5076;3323;3324
5077;3324;3341
5078;3326;3327
5079;3326;3328
5080;3327;3328
5081;3329;3331
5082;3330;3331
5083;3330;3332
5084;3330;3334
5085;3331;3333
5086;3331;3334
5087;3334;3335
5088;3335;3336
5089;3335;3339
5090;3336;3337
5091;3337;3338
5092;3338;3339
5093;3338;3340
5094;3344;3345
5095;3344;3346
5096;3345;3346
5097;3345;3349
5098;3347;3348
5099;3347;3542
5100;3347;3349
5101;3350;3351
5102;3350;3557
5103;3351;3557
5104;3352;3353
5105;3352;3545
5106;3354;3355
5107;3354;3391
5108;3354;3394
5109;3355;3356
5110;3356;3357
5111;3356;3464
5112;3357;3358
5113;3358;3359
5114;3358;3457
5115;3359;3473
5116;3360;3361
5117;3361;3390
5118;3361;3658
5119;3362;3363
5120;3364;3365
5121;3369;3540
5122;3369;3584
5123;3370;3371
5124;3370;3561
5125;3370;3528
5126;3372;3373
5127;3372;3374
5128;3374;3375
5129;3374;3405
5130;3375;3376
5131;3375;3407
5132;3376;3377
5133;3376;3379
5134;3377;3378
5135;3379;3380
5136;3379;3381
5137;3380;3403
5138;3380;3389
5139;3381;3385
5140;3381;3677
5141;3382;3383
5142;3382;3396
5143;3383;3404
5144;3384;3385
5145;3384;3386
5146;3385;3677
5147;3386;3387
5148;3386;3389
5149;3387;3388
5150;3387;3400
5151;3388;3389
5152;3388;3402
5153;3388;3403
5154;3390;3449
5155;3391;3392
5156;3391;3395
5157;3392;3393
5158;3392;3394
5159;3393;3401
5160;3393;3427
5161;3394;3442
5162;3394;3444
5163;3395;3460
5164;3395;3461
5165;3396;3397
5166;3396;3398
5167;3398;3441
5168;3398;3399
5169;3399;3400
5170;3400;3401
5171;3401;3402
5172;3402;3422
5173;3403;3406
5174;3405;3406
5175;3405;3413
5176;3406;3407
5177;3406;3408
5178;3407;3408
5179;3408;3409
5180;3409;3410
5181;3409;3426
5182;3410;3411
5183;3410;3426
5184;3411;3412
5185;3411;3425
5186;3412;3413
5187;3412;3415
5188;3412;3418
5189;3413;3414
5190;3415;3416
5191;3415;3660
5192;3416;3417
5193;3418;3419
5194;3418;3420
5195;3418;3421
5196;3420;3435
5197;3421;3422
5198;3421;3431
5199;3422;3423
5200;3423;3424
5201;3423;3425
5202;3425;3426
5203;3427;3428
5204;3429;3430
5205;3429;3432
5206;3431;3432
5207;3431;3434
5208;3432;3433
5209;3434;3435
5210;3435;3436
5211;3436;3437
5212;3436;3440
5213;3437;3438
5214;3437;3439
5215;3441;3442
5216;3441;3558
5217;3442;3443
5218;3445;3446
5219;3445;3447
5220;3445;3658
5221;3447;3448
5222;3447;3449
5223;3449;3450
5224;3450;3451
5225;3452;3453
5226;3452;3454
5227;3452;3456
5228;3454;3455
5229;3454;3456
5230;3455;3474
5231;3455;3475
5232;3456;3457
5233;3460;3462
5234;3460;3464
5235;3461;3462
5236;3462;3463
5237;3463;3516
5238;3464;3465
5239;3465;3466
5240;3465;3467
5241;3466;3467
5242;3466;3472
5243;3467;3468
5244;3467;3469
5245;3469;3470
5246;3469;3515
5247;3469;3516
5248;3470;3471
5249;3470;3480
5250;3471;3472
5251;3475;3476
5252;3476;3477
5253;3477;3478
5254;3477;3479
5255;3480;3481
5256;3480;3482
5257;3481;3511
5258;3481;3513
5259;3482;3483
5260;3482;3511
5261;3483;3484
5262;3483;3487
5263;3485;3486
5264;3485;3656
5265;3488;3489
5266;3489;3490
5267;3489;3505
5268;3490;3491
5269;3490;3504
5270;3491;3492
5271;3491;3501
5272;3492;3493
5273;3492;3501
5274;3493;3494
5275;3493;3495
5276;3495;3496
5277;3495;3656
5278;3495;3655
5279;3497;3498
5280;3497;3499
5281;3499;3655
5282;3500;3501
5283;3500;3614
5284;3501;3502
5285;3502;3503
5286;3502;3504
5287;3505;3506
5288;3506;3507
5289;3506;3536
5290;3507;3508
5291;3507;3577
5292;3508;3576
5293;3509;3510
5294;3509;3575
5295;3510;3511
5296;3510;3512
5297;3512;3513
5298;3512;3544
5299;3513;3514
5300;3514;3515
5301;3514;3544
5302;3515;3543
5303;3517;3518
5304;3517;3519
5305;3519;3520
5306;3519;3532
5307;3520;3521
5308;3520;3522
5309;3522;3523
5310;3523;3524
5311;3523;3526
5312;3525;3549
5313;3525;3527
5314;3526;3527
5315;3527;3528
5316;3528;3529
5317;3528;3550
5318;3529;3530
5319;3529;3531
5320;3531;3532
5321;3531;3560
5322;3532;3572
5323;3533;3534
5324;3534;3535
5325;3534;3599
5326;3535;3536
5327;3535;3593
5328;3535;3599
5329;3536;3537
5330;3537;3538
5331;3537;3590
5332;3538;3539
5333;3538;3588
5334;3539;3540
5335;3539;3581
5336;3540;3541
5337;3541;3578
5338;3541;3580
5339;3542;3543
5340;3543;3544
5341;3545;3546
5342;3545;3547
5343;3546;3555
5344;3546;3571
5345;3547;3548
5346;3547;3552
5347;3547;3554
5348;3548;3549
5349;3548;3574
5350;3549;3659
5351;3550;3551
5352;3550;3566
5353;3551;3552
5354;3551;3567
5355;3552;3553
5356;3553;3617
5357;3553;3674
5358;3555;3556
5359;3555;3619
5360;3556;3557
5361;3556;3584
5362;3559;3560
5363;3560;3561
5364;3561;3562
5365;3562;3563
5366;3562;3564
5367;3563;3565
5368;3563;3661
5369;3564;3565
5370;3564;3648
5371;3565;3566
5372;3566;3567
5373;3567;3568
5374;3567;3618
5375;3568;3569
5376;3568;3571
5377;3568;3651
5378;3569;3570
5379;3569;3620
5380;3570;3571
5381;3570;4059
5382;3572;3573
5383;3577;3578
5384;3577;3616
5385;3578;3579
5386;3581;3582
5387;3581;3587
5388;3582;3583
5389;3582;3586
5390;3583;3584
5391;3583;3585
5392;3588;3589
5393;3588;4055
5394;3590;3591
5395;3590;3592
5396;3592;3593
5397;3592;3594
5398;3593;3595
5399;3593;4052
5400;3595;3596
5401;3595;3597
5402;3597;3598
5403;3597;4080
5404;3600;3601
5405;3601;3602
5406;3601;3603
5407;3602;3606
5408;3602;3609
5409;3603;3604
5410;3603;3605
5411;3606;3607
5412;3606;3608
5413;3607;4081
5414;3607;4081
5415;3610;3611
5416;3610;3612
5417;3614;3615
5418;3620;3621
5419;3620;3622
5420;3621;3623
5421;3621;3640
5422;3622;3623
5423;3622;3624
5424;3623;3642
5425;3624;3625
5426;3624;3626
5427;3626;3627
5428;3626;4050
5429;3627;3678
5430;3627;3678
5431;3628;3629
5432;3628;3643
5433;3628;3678
5434;3628;4049
5435;3629;3630
5436;3629;3634
5437;3630;3631
5438;3630;3633
5439;3631;3632
5440;3631;3633
5441;3633;4042
5442;3634;3640
5443;3635;3636
5444;3636;3637
5445;3636;3647
5446;3637;3638
5447;3637;3654
5448;3638;3639
5449;3638;3654
5450;3639;3640
5451;3639;3641
5452;3642;3643
5453;3642;4048
5454;3643;3644
5455;3645;3646
5456;3646;3647
5457;3646;3648
5458;3647;3652
5459;3648;3649
5460;3648;3650
5461;3651;3652
5462;3651;3654
5463;3652;3653
5464;3658;3675
5465;3662;3663
5466;3662;3664
5467;3662;3744
5468;3663;3664
5469;3663;3745
5470;3664;3665
5471;3665;3666
5472;3665;3670
5473;3666;3811
5474;3667;3668
5475;3667;3669
5476;3668;3669
5477;3668;3843
5478;3669;3670
5479;3671;3672
5480;3671;3724
5481;3671;3725
5482;3672;3673
5483;3672;3708
5484;3673;3746
5485;3673;3835
5486;3675;3676
5487;3676;3677
5488;3679;3680
5489;3680;3681
5490;3680;3870
5491;3681;3682
5492;3681;3891
5493;3682;3683
5494;3683;3684
5495;3684;3685
5496;3684;3890
5497;3685;3686
5498;3685;3687
5499;3686;3688
5500;3686;3689
5501;3687;3688
5502;3687;3892
5503;3689;3795
5504;3690;3691
5505;3690;3692
5506;3691;3692
5507;3692;3693
5508;3693;3694
5509;3695;3696
5510;3696;3697
5511;3697;3698
5512;3697;3699
5513;3698;3877
5514;3699;3700
5515;3699;3701
5516;3700;3701
5517;3700;3706
5518;3701;3702
5519;3702;3703
5520;3703;3704
5521;3703;3705
5522;3704;3705
5523;3705;3706
5524;3706;3707
5525;3707;3813
5526;3707;3854
5527;3708;3709
5528;3708;3710
5529;3708;3835
5530;3709;3710
5531;3709;3712
5532;3710;3711
5533;3711;3718
5534;3711;3724
5535;3712;3713
5536;3712;3714
5537;3713;3714
5538;3713;3716
5539;3714;3715
5540;3715;3717
5541;3715;3876
5542;3717;3718
5543;3717;3875
5544;3718;3719
5545;3719;3720
5546;3719;3721
5547;3721;3722
5548;3721;3733
5549;3722;3723
5550;3722;3732
5551;3723;3804
5552;3723;3805
5553;3724;3730
5554;3725;3726
5555;3725;3748
5556;3726;3727
5557;3726;3728
5558;3727;3728
5559;3727;3845
5560;3728;3729
5561;3729;3730
5562;3729;3731
5563;3730;3733
5564;3731;3743
5565;3731;3801
5566;3732;3733
5567;3732;3734
5568;3734;3735
5569;3734;3742
5570;3735;3737
5571;3735;3802
5572;3736;3737
5573;3736;3738
5574;3736;3740
5575;3737;3741
5576;3738;3739
5577;3738;3739
5578;3740;3741
5579;3740;3752
5580;3741;3742
5581;3742;3743
5582;3743;3844
5583;3744;3805
5584;3745;3841
5585;3746;3747
5586;3746;3836
5587;3747;3748
5588;3747;3753
5589;3748;3749
5590;3749;3750
5591;3749;3751
5592;3750;3754
5593;3750;3757
5594;3751;3752
5595;3751;3800
5596;3752;3844
5597;3753;3754
5598;3753;3756
5599;3754;3755
5600;3756;3763
5601;3756;3757
5602;3757;3758
5603;3758;3759
5604;3758;3761
5605;3758;3763
5606;3759;3760
5607;3759;3772
5608;3760;3761
5609;3760;3764
5610;3761;3762
5611;3762;3763
5612;3764;3765
5613;3764;3766
5614;3765;3766
5615;3765;3779
5616;3766;3774
5617;3767;3768
5618;3767;3770
5619;3767;3774
5620;3767;3776
5621;3768;3769
5622;3768;3770
5623;3770;3771
5624;3771;3772
5625;3772;3773
5626;3774;3775
5627;3776;3777
5628;3776;3778
5629;3780;3836
5630;3781;3782
5631;3782;3783
5632;3782;3785
5633;3783;3784
5634;3784;3785
5635;3784;3786
5636;3785;3884
5637;3786;3787
5638;3788;3789
5639;3788;3793
5640;3789;3790
5641;3789;3792
5642;3790;3791
5643;3790;3894
5644;3791;3792
5645;3792;4077
5646;3793;3794
5647;3794;3796
5648;3795;3796
5649;3797;3798
5650;3797;3799
5651;3798;3892
5652;3798;3893
5653;3799;3893
5654;3802;3803
5655;3805;3808
5656;3806;3807
5657;3807;3875
5658;3808;3809
5659;3808;3810
5660;3810;3811
5661;3810;3869
5662;3812;3864
5663;3813;3814
5664;3813;3815
5665;3814;3816
5666;3814;3855
5667;3816;3817
5668;3817;3818
5669;3818;3819
5670;3819;3820
5671;3819;3856
5672;3820;3821
5673;3820;3822
5674;3821;3822
5675;3822;3823
5676;3822;3829
5677;3823;3824
5678;3823;3829
5679;3824;3825
5680;3824;3859
5681;3825;3826
5682;3825;3827
5683;3826;3864
5684;3827;3828
5685;3830;3831
5686;3830;3852
5687;3831;3832
5688;3831;3833
5689;3832;3851
5690;3832;3833
5691;3833;3834
5692;3834;3835
5693;3834;3849
5694;3836;3837
5695;3838;3847
5696;3838;3848
5697;3839;3840
5698;3839;3897
5699;3841;3842
5700;3843;3896
5701;3844;3845
5702;3845;3846
5703;3847;3848
5704;3848;3849
5705;3849;3850
5706;3850;3851
5707;3850;3853
5708;3851;3852
5709;3852;3853
5710;3855;3856
5711;3855;3873
5712;3856;3857
5713;3857;3858
5714;3857;3873
5715;3858;3859
5716;3858;3865
5717;3859;3860
5718;3860;3861
5719;3860;3862
5720;3862;3863
5721;3863;3864
5722;3863;3869
5723;3865;3866
5724;3866;3867
5725;3867;3868
5726;3867;3869
5727;3870;3917
5728;3871;3890
5729;3871;3884
5730;3873;3874
5731;3875;3876
5732;3878;3879
5733;3879;3880
5734;3881;3882
5735;3884;3889
5736;3885;3886
5737;3886;3887
5738;3887;3888
5739;3888;3889
5740;3891;3892
5741;3891;3893
5742;3893;3915
5743;3898;4091
5744;3899;3900
5745;3899;3901
5746;3899;3926
5747;3900;3930
5748;3901;3927
5749;3901;3930
5750;3902;3903
5751;3902;3904
5752;3902;3905
5753;3903;3907
5754;3903;3904
5755;3904;3916
5756;3905;3906
5757;3905;3934
5758;3906;3907
5759;3906;4104
5760;3907;3908
5761;3909;3910
5762;3909;3913
5763;3910;3911
5764;3910;3917
5765;3911;3912
5766;3911;3913
5767;3912;3914
5768;3912;3914
5769;3915;3917
5770;3916;3934
5771;3916;3933
5772;3918;3919
5773;3918;3920
5774;3918;3919
5775;3919;3928
5776;3920;4093
5777;3921;3922
5778;3921;3923
5779;3922;3923
5780;3922;3924
5781;3923;3925
5782;3924;3925
5783;3924;3926
5784;3924;3927
5785;3925;3928
5786;3927;3928
5787;3929;3930
5788;3929;4103
5789;3931;3932
5790;3931;4107
5791;3932;3935
5792;3933;3934
5793;3933;3935
5794;3936;3937
5795;3937;3938
5796;3938;3939
5797;3939;4105
5798;3939;4106
5799;3941;4099
5800;3942;3943
5801;3942;3948
5802;3943;3944
5803;3943;3958
5804;3944;3947
5805;3944;3959
5806;3945;3946
5807;3945;3954
5808;3946;3953
5809;3946;3950
5810;3947;3958
5811;3947;3957
5812;3948;3959
5813;3949;3950
5814;3949;3965
5815;3951;3952
5816;3951;4095
5817;3952;4094
5818;3952;3954
5819;3953;3954
5820;3955;3956
5821;3955;3957
5822;3956;3957
5823;3959;3961
5824;3960;3961
5825;3960;4096
5826;3962;3963
5827;3962;3989
5828;3962;3987
5829;3963;3966
5830;3963;3965
5831;3964;3965
5832;3966;3987
5833;3966;3981
5834;3968;3969
5835;3968;3970
5836;3968;3982
5837;3968;3972
5838;3969;3970
5839;3969;3975
5840;3971;3972
5841;3971;3979
5842;3971;3983
5843;3972;3980
5844;3973;3974
5845;3973;4105
5846;3974;4000
5847;3974;4009
5848;3975;3976
5849;3975;3977
5850;3976;4098
5851;3977;3978
5852;3979;3980
5853;3980;3981
5854;3982;3983
5855;3982;3984
5856;3984;3985
5857;3986;3987
5858;3987;3988
5859;3988;3989
5860;3989;4097
5861;3990;3991
5862;3990;4098
5863;3991;3993
5864;3992;3993
5865;3992;3994
5866;3992;3999
5867;3994;3995
5868;3995;3996
5869;3996;3997
5870;3996;3999
5871;3997;3998
5872;3998;4009
5873;3998;4010
5874;3999;4008
5875;4000;4001
5876;4000;4008
5877;4001;4002
5878;4001;4003
5879;4002;4003
5880;4002;4106
5881;4003;4105
5882;4004;4016
5883;4008;4010
5884;4009;4010
5885;4011;4012
5886;4011;4013
5887;4011;4111
5888;4012;4028
5889;4012;4028
5890;4012;4022
5891;4013;4014
5892;4013;4027
5893;4014;4112
5894;4016;4017
5895;4017;4018
5896;4020;4021
5897;4020;4024
5898;4020;4022
5899;4021;4022
5900;4023;4024
5901;4023;4113
5902;4023;4110
5903;4025;4026
5904;4025;4113
5905;4025;4108
5906;4026;4109
5907;4027;4028
5908;4028;4029
5909;4029;4030
5910;4030;4031
5911;4030;4032
5912;4031;4032
5913;4032;4033
5914;4033;4034
5915;4033;4036
5916;4034;4035
5917;4034;4036
5918;4035;4039
5919;4036;4046
5920;4037;4038
5921;4037;4108
5922;4038;4107
5923;4039;4040
5924;4040;4041
5925;4040;4046
5926;4041;4042
5927;4041;4045
5928;4042;4043
5929;4043;4044
5930;4043;4045
5931;4044;4048
5932;4044;4049
5933;4045;4046
5934;4047;4048
5935;4047;4049
5936;4047;4050
5937;4050;4051
5938;4051;4054
5939;4051;4058
5940;4052;4053
5941;4052;4055
5942;4053;4054
5943;4053;4114
5944;4054;4057
5945;4055;4056
5946;4056;4057
5947;4056;4059
5948;4057;4058
5949;4058;4059
5950;4063;4085
5951;4068;4069
5952;4069;4071
5953;4072;4073
5954;4079;4080
5955;4079;4114
5956;4081;4082
5957;4082;4083
5958;4086;4100
5959;4090;4091
5960;4092;4093
5961;4095;4096
5962;4100;4101
5963;4102;4104
5964;4109;4113
