1;1;2;2514A037  2514A038;118;9
2;1;40;2514A036  2514A037;140;8
3;1;303;2514A037  2514A092;2230;162
4;2;41;2514A038  2514A039;3742;169
5;2;350;2514A038  2514A168;73;5
6;3;4;2523A048  2523A050;1037;48
7;3;28;2523A013  2523A048;1496;109
8;3;4;2523A048 2523A050;1302;64
9;4;80;2523A050  2524A001;2900;115
10;5;6;2514A054  2514A055;245;18
11;5;84;2514A053022514A054;323;13
12;5;88;2514A157  2514A054;590;36
13;6;72;2514A055  2514A056;1247;67
14;6;87;2514A126  2514A055;550;39
15;7;8;2514A013  2514A014;2942;131
16;7;292;2514A012  2514A013;803;44
17;7;294;2514A013  2514A130;5200;311
18;8;9;2514A014  2514A016;2501;130
19;8;87;2514A014  2514A126;5150;259
20;9;10;2514A016  2514A018;3164;155
21;9;90;2514A016  2514A124;2925;142
22;10;11;2514A018  2514A01901;2156;163
23;10;99;2514A018  2514A141;5180;246
24;11;12;2514A019032514A00604;1206;89
25;11;13;2514A033022514A01902;941;68
26;12;13;2514A006032514A03301;830;63
27;12;14;2514A006022514A020;1454;106
28;12;15;2514A005022514A00601;790;58
29;13;67;2514A033032514A034;1833;134
30;14;17;2514A020  2523A003;1369;65
31;14;16;2514A031  2514A020;2476;179
32;15;16;2514A031  2514A00503;2780;138
33;15;62;2514A030  2514A00501;946;55
34;15;112;2514A139  2514A00504;1257;92
35;16;715;2514A031 2523A014;3470;137
36;17;18;2523A003  2523A004;1313;53
37;17;290;2523A003  2514A171;2313;157
38;18;19;2523A004  2523A005;1296;64
39;18;291;2523A004  2523A026;2208;128
40;19;20;2523A005  2523A006;987;47
41;19;348;2523A005  2523A025;2122;155
42;20;21;2523A006  2523A007;2733;132
43;20;124;2523A006  2523A027;4611;271
44;21;61;2523A007  2523A008;3288;182
45;21;121;2523A007  2523A024;1600;117
46;22;23;2523A009  2523A001;1090;80
47;22;61;2523A008  2523A009;470;35
48;22;310;2523A009  2523A021;1619;116
49;23;24;2523A001  2523A010;466;34
50;23;309;2523A001  2523A053;1226;88
51;23;713;2523A001 2523A015;6243;303
52;24;25;2523A010  2523A002;6505;312
53;24;222;2523A010  2523A020;1508;108
54;25;26;2523A002  2523A011;1328;51
55;25;74;2523A002  2523A016;1971;95
56;26;27;2523A011  2523A012;1032;52
57;26;120;2523A011  2523A039;1880;74
58;27;28;2523A012  2523A013;2993;186
59;27;119;2523A012  2523A052;9813;464
60;28;322;2523A013  2523A019;1480;105
61;29;30;2541A003  2541A020;1391;99
62;29;31;2541A019  2541A003;1293;88
63;29;73;2523A017  2541A003;12313;560
64;29;340;2541A003  2541A022;2694;180
65;30;75;2541A020  2523A018;2163;156
66;30;318;2541A020  2541A043;134;10
67;31;32;2541A018  2541A019;2878;166
68;31;339;2541A019  2523A038;3203;125
69;32;76;2541A017  2541A018;2336;146
70;32;338;2541A018  2541A023;7050;288
71;33;34;2541A015  2541A016;2652;177
72;33;35;2541A013  2541A015;2147;144
73;33;335;2541A015  2541A026;3818;153
74;34;76;2541A016  2541A017;884;68
75;34;337;2541A016  2541A045;4341;310
76;35;36;2541A012  2541A013;1860;80
77;35;334;2541A013  2541A027;4139;299
78;36;37;2541A011  2541A012;125;10
79;36;342;2541A012  2541A038;24;2
80;37;38;2541A010  2541A011;2092;135
81;37;333;2541A011  2541A032;4500;183
82;38;77;2541A009  2541A010;2169;98
83;38;332;2541A010  2541A048;5742;351
84;39;40;2514A176  2514A036;3287;155
85;39;67;2514A034  2514A176;1234;54
86;39;300;2514A176  2514A177;531;30
87;40;295;2514A036  2514A137;1302;54
88;41;42;2514A039  2514A040;1087;78
89;41;299;2514A039  2514A136;642;43
90;42;349;2514A040  2514A135;299;22
91;42;44;2514A040 2514A007;857;51
92;43;44;2514A041  2514A00705;2052;112
93;43;70;2532A005  2514A041;8328;565
94;43;298;2514A041  2514A134;3600;227
95;44;45;2514A007082532A106;1015;40
96;44;666;2514A007022532A01001;1311;51
97;45;305;2532A106  2532A109;861;33
98;45;306;2532A106  2532A107;477;17
99;46;47;2532A093012541A04401;1555;61
100;46;48;2532A093022532A017;3389;241
101;46;219;2532A093022532A00801;493;35
102;46;666;2532A093 2532A010;4109;160
103;47;68;2541A044022541A002;1606;69
104;47;218;2541A004  2541A04405;789;56
105;48;69;2532A017  2532A018;3668;145
106;48;329;2532A017  2532A075;3746;282
107;49;50;2532A013  2532A014;1917;125
108;49;68;2541A002  2532A013;4274;263
109;49;328;2532A013  2532A089;3341;190
110;50;51;2532A014  2541A001;862;64
111;50;327;2532A014  2532A102;282;24
112;51;52;2532A016  2541A001;3408;154
113;51;53;2541A001  2541A006;5195;236
114;52;66;2532A015  2532A016;1436;86
115;52;326;2532A016  2532A091;1018;83
116;53;54;2541A006  2543A017;3990;279
117;53;324;2541A006  2541A047;4020;167
118;54;55;2543A017  2543A007;373;27
119;54;315;2543A017  2543A029;100;7
120;55;56;2543A007  2543A001;497;37
121;55;313;2543A020  2543A007;3376;175
122;56;57;2543A001  2543A006;1049;56
123;56;58;2543A001  2543A008;1524;87
124;57;82;2543A006  2543A030;4719;273
125;57;323;2543A006  2541A034;8505;574
126;58;316;2543A008  2543A025;2741;164
127;58;265;2543A008 2543A009;4541;279
128;59;60;2514A004  2514A011;468;35
129;59;71;2514A058  2514A004;525;34
130;59;221;2514A010  2514A004;1182;55
131;60;71;2514A011  2514A058;362;26
132;60;292;2514A011  2514A012;629;31
133;61;125;2523A008  2523A028;210;16
134;62;63;2514A029  2514A030;1272;60
135;62;111;2514A030  2514A146;2002;140
136;63;65;2514A028  2514A029;674;27
137;63;106;2514A029  2514A166;1036;66
138;64;65;2514A027032514A028;1859;82
139;64;101;2514A027022514A143;744;27
140;64;104;2514A095  2514A02705;696;38
141;64;688;2514A027 2514A026;3698;148
142;65;105;2514A028  2514A147;270;17
143;66;325;2532A015  2532A090;1243;89
144;66;373;2532A015 2532A028;3465;154
145;67;301;2514A034  2523A033;9770;504
146;68;79;2541A002  2541A007;1291;59
147;69;329;2532A075  2532A018;173;10
148;69;354;2532A018 2532A029;6549;362
149;70;483;2532A005 2514A069;11965;726
150;70;199;2532A005 2532A037;5696;375
151;71;95;2514A058  2514A129;2802;144
152;71;97;2514A057  2514A058;1379;58
153;72;87;2514A056  2514A126;886;45
154;72;97;2514A056  2514A057;1077;42
155;73;74;2523A016  2523A017;733;54
156;73;311;2523A017  2523A037;1593;113
157;74;220;2523A030  2523A016;6239;447
158;75;317;2523A018  2524A014;7636;395
159;75;319;2523A018  2542A260;1269;49
160;76;336;2541A017  2541A039;59;4
161;77;78;2541A008  2541A009;81;6
162;77;330;2541A009  2541A028;2740;194
163;78;79;2541A007  2541A008;2950;141
164;78;331;2541A008  2541A031;2098;152
165;79;341;2541A007  2541A030;200;14
166;80;81;2524A001  2524B001;174;7
167;80;713;2523A015 2524A001;39263;2069
168;83;84;2514A052  2514A05301;633;25
169;83;676;2514A052 2514A116;2342;105
170;83;693;2514A052 2514A051;2057;90
171;84;85;2514A158  2514A05303;1771;71
172;85;86;2514A158  2514B017;632;24
173;85;690;2514A158 2514A152;1322;54
174;88;89;2514A157  2514A125;1610;69
175;88;93;2514A156  2514A157;31;2
176;89;90;2514A125  2514A124;2472;110
177;89;91;2514A125  2514A122;1237;66
178;90;98;2514A124  2514A123;285;10
179;91;92;2514A102  2514A122;1917;96
180;91;98;2514A122  2514A123;2064;133
181;92;93;2514A102  2514A156;2560;125
182;92;687;2514A025 2514A102;3907;200
183;92;689;2514A121 2514A102;1300;87
184;93;689;2514A156 2514A121;2643;127
185;94;95;2514A128  2514A129;1207;61
186;94;96;2514A127  2514A128;680;31
187;94;96;2514A128 2514A127;754;48
188;95;676;2514A129 2514A116;674;37
189;96;97;2514A057  2514A127;200;8
190;98;99;2514A123  2514A141;2342;103
191;99;100;2514A141  2514A142;1530;93
192;100;101;2514A142  2514A143;1020;40
193;100;688;2514A142 2514A026;3071;133
194;101;102;2514A143  2514A144;306;17
195;102;103;2514A144  2514A145;658;29
196;102;103;2514A144 2514A145;1060;84
197;103;112;2514A145  2514A139;2751;119
198;104;105;2514A147  2514A095;1468;81
199;104;114;2514A094  2514A095;900;64
200;105;106;2514A147  2514A166;465;28
201;106;107;2514A166  2514A167;2425;123
202;108;109;2531A184062531A100;2203;95
203;108;449;2531A185  2531A18405;285;14
204;108;466;2531A183022531A18401;2512;70
205;109;110;2531A100  2531A099;2238;98
206;109;145;2531A100  2531A131;4148;170
207;109;440;2531A018  2531A100;3842;181
208;110;147;2531A099  2513A093;2513;115
209;110;460;2531A099  2531A017;1311;93
210;112;113;2514A139  2514A140;1814;100
211;114;115;2514A093  2514A094;393;25
212;114;346;2514A096  2514A094;1350;66
213;115;714;2514A093 2512A091;2762;118
214;115;717;2514A093 2514A101;2025;90
215;116;117;2523A034  2523A032;6234;325
216;116;118;2523A043  2523A034;90;3
217;116;301;2523A033  2523A034;2190;168
218;117;308;2523A032  2523A031;1920;114
219;117;312;2523A032  2523A036;3379;242
220;118;302;2523A042  2523A043;2476;163
221;118;217;2532A011032523A043;13612;698
222;121;122;2523A024  2523A022;2570;161
223;121;123;2523A024  2523A023;1560;107
224;124;125;2523A027  2523A028;4272;252
225;124;308;2523A027  2523A031;2935;126
226;125;220;2523A028  2523A030;574;41
227;126;127;2534A002  2534A001;3311;168
228;126;278;2534A032 2534A002;5087;540
229;126;129;2534A002 2534A018;2057;157
230;127;369;2534A016  2534A001;976;52
231;127;632;2534A001 2533A009;7331;392
232;128;129;2534A003  2534A018;2143;95
233;128;131;2534A003  2534A020;5552;254
234;128;358;2534A017  2534A003;2835;124
235;129;130;2534A018  2534A046;3523;253
236;131;132;2534A020  2534A061;1340;72
237;131;438;2534A020  2534A021;1257;51
238;133;134;2534A010  2534A007;4292;194
239;133;136;2534A009  2534A010;358;26
240;133;358;2534A017  2534A010;6124;362
241;134;262;2534A007  2534A006;6108;292
242;134;263;2534A007  2534A023;4561;216
243;135;136;2534A050  2534A009;5480;305
244;135;137;2534A050  2534A059;1500;79
245;135;138;2534A051  2534A050;3771;166
246;136;260;2532A007  2534A009;6789;301
247;138;139;2534A043  2534A051;3965;212
248;138;263;2534A023  2534A051;3408;178
249;139;140;2534A043  2543A019;874;41
250;139;264;2543A015  2534A043;619;44
251;140;433;2543A019  2534A049;4282;289
252;140;313;2543A020 2543A019;3510;182
253;141;142;2534A055  2534A056;1363;62
254;141;422;2534A027  2534A055;1390;55
255;141;423;2534A055  2534A030;2677;105
256;141;636;2534A026  2534A055;3701;229
257;143;144;2444A008  2444A049;4602;241
258;143;243;2444A009  2444A008;907;46
259;143;447;2444A007  2444A008;1410;60
260;144;244;2444A049  2444A050;1123;78
261;144;572;2444A049 2444A024;6805;455
262;145;457;2531A012  2531A131;342;24
263;145;465;2531A131 2531A153;6025;334
264;146;147;2513A084  2513A093;2769;142
265;146;457;2531A012  2513A084;3401;175
266;146;691;2513A084 2513A030;2306;129
267;147;148;2513A093  2513A102;726;50
268;148;149;2513A102  2513A085;759;29
269;148;692;2513A102 2513A103;1378;63
270;149;460;2513A085  2531A017;1904;83
271;149;670;2513A085 2513A007;1623;68
272;149;671;2513A085 2513A192;1668;66
273;150;151;2513A095  2513A104;373;27
274;150;154;2513A095  2513A094;1775;101
275;150;439;2513A089  2513A095;855;54
276;151;152;2513A090  2513A104;584;33
277;151;153;2513A104  2513A096;1718;86
278;152;439;2513A089  2513A090;363;14
279;152;443;2513A090  2531A062;2708;107
280;153;528;2513A096  2513A097;4538;226
281;153;443;2531A062  2513A096;2606;116
282;155;156;2531A070  2531A123;4114;231
283;155;467;2531A001022531A070;73;5
284;155;468;2531A070  2531A044;2025;147
285;156;157;2531A123  2531A121;607;30
286;156;158;2531A123  2531A124;737;45
287;156;159;2531A123  2442A132;696;32
288;157;159;2531A121  2442A132;495;35
289;157;492;2531A121  2531A120;590;43
290;159;160;2442A132  2442A126;3301;172
291;160;253;2531A125  2442A126;1762;82
292;160;254;2442A184062442A126;2194;113
293;160;498;2442A126  2442A139;5004;238
294;161;162;2533A003  2533A035;2884;114
295;161;620;2533A003  2533A055;811;53
296;161;226;2533A003 2533A034;9752;444
297;162;163;2533A035  2533A10802;98;3
298;162;621;2533A035  2533A058;6167;319
299;163;164;2533A108022533A005;1072;70
300;163;578;2533A108012533A109;1039;61
301;163;579;2533A107  2533A10801;1606;71
302;164;165;2533A005  2533A006;483;35
303;164;579;2533A005  2533A107;1180;75
304;165;578;2533A109  2533A006;1482;107
305;165;172;2533A006  2533A007;1882;137
306;166;167;2533A042  2533A043;966;38
307;166;169;2533A045  2533A042;15;1
308;166;640;2533A042  2533A124;2907;169
309;167;172;2533A043  2533A007;5090;310
310;167;169;2533A043  2533A045;1986;102
311;168;169;2533A041  2533A045;1328;85
312;168;170;2533A040  2533A041;112;8
313;168;393;2533A068 2533A041;4613;240
314;170;171;2533A039  2533A040;3683;213
315;170;641;2533A087  2533A040;4337;238
316;171;642;2533A039  2533A081;2458;107
317;171;387;2533A039 2533A038;6036;375
318;172;284;2533A007  2533A015;254;18
319;173;174;3511A004  3511A035;3611;144
320;173;288;3511A024  3511A004;2063;126
321;173;583;3511A004  3511A003;1187;74
322;174;175;3511A035  3511A036;533;21
323;174;288;3511A035  3511A024;3236;148
324;174;639;3511A067  3511A035;1480;92
325;175;176;3511A036  3511A006;3884;168
326;175;639;3511A036  3511A067;940;58
327;176;177;3511A006  3511A037;860;62
328;176;209;2533A010  3511A006;7321;367
329;177;606;3511A037  3511A007;963;70
330;177;202;3511A037  3511A022;6801;302
331;178;179;2531A011  2513A100;6729;348
332;178;457;2531A011  2531A012;662;46
333;178;709;2531A011 2442A021;4408;222
334;179;708;2513A100 2513A060;3246;159
335;179;691;2513A100 2513A030;3773;163
336;180;181;2532A045  2532A07601;1040;68
337;180;182;2532A044  2532A045;3205;131
338;180;275;2532A045  2532A064;2119;126
339;181;183;2532A076022532A047;1473;85
340;181;274;2532A076042532A097;1231;68
341;181;360;2532A076 2532A071;3907;261
342;182;276;2532A044  2532A063;3546;180
343;182;185;2532A022  2532A044;5197;313
344;182;192;2532A043  2532A044;2404;128
345;183;277;2532A078  2532A047;4277;288
346;183;355;2532A086 2532A047;4220;190
347;184;185;2532A001  2532A022;5861;356
348;184;186;2532A095  2532A001;3424;247
349;184;187;2532A094  2532A001;213;15
350;185;277;2532A022  2532A078;765;53
351;185;359;2532A022  2534A045;10150;525
352;186;189;2532A039  2532A095;634;30
353;186;705;2532A095 2531A156;3466;362
354;187;188;2531A154  2532A094;386;27
355;187;362;2532A094  2534A012;8574;466
356;188;194;2531A010  2531A154;281;19
357;188;705;2531A154 2531A156;901;73
358;189;190;2532A039  2532A053;1957;124
359;189;193;2532A009  2532A039;3324;146
360;190;191;2532A053  2532A042;1029;69
361;190;192;2532A053  2532A043;1100;79
362;191;193;2532A009  2532A042;2511;109
363;191;271;2532A042  2532A034;2764;120
364;191;192;2532A042  2532A043;1090;76
365;192;195;2532A043  2532A062;3788;245
366;193;270;2532A002  2532A009;126;8
367;194;386;2531A010  2533A037;7533;452
368;194;412;2531A010 2531A014;4859;354
369;195;196;2532A062  2532A035;701;30
370;195;276;2532A063  2532A062;1391;60
371;196;271;2532A034  2532A035;1731;97
372;196;197;2532A035  2532A036;1874;75
373;197;198;2532A036  2532A061;2300;139
374;197;199;2532A036  2532A037;1797;111
375;199;200;2532A037  2532A072;6225;360
376;200;273;2532A072  2532A073;1253;88
377;200;274;2532A072  2532A097;5585;319
378;201;202;3511A021  3511A022;1719;85
379;201;650;3511A021  3511B007;735;29
380;201;704;3511A005 3511A021;7059;365
381;202;203;3511A022  3511A008;3504;156
382;203;204;3511A008  3511A023;5950;241
383;203;607;3511A048  3511A008;2119;93
384;203;649;3511A008  3511A074;3240;217
385;204;205;3511A023  3512A011;1188;48
386;204;652;3511A023  3511A082;8325;333
387;205;206;3512A011  3512A012;1924;87
388;205;651;3511A073  3512A011;7464;354
389;206;207;3512A012  3512A026;4076;296
390;206;654;3512A012  3512A016;3008;132
391;208;209;2533A008  2533A010;111;8
392;208;582;2533A118082533A008;793;58
393;208;288;2533A008  3511A024;4823;265
394;209;210;2533A010  2533A018;2770;164
395;210;211;2533A018  2533A019;1871;102
396;210;287;2533A111  2533A018;478;32
397;211;212;2533A019  2533A115;2237;117
398;211;637;2533A019  2533A114;179;11
399;213;214;2533A103  2533A104;643;27
400;213;215;2533A103  2533A020;354;20
401;213;637;2533A114  2533A103;2428;98
402;214;215;2533A020  2533A104;502;33
403;214;216;2533A104  2533A105;5132;208
404;214;289;2533A104  2533A021;5691;336
405;215;627;2533A020  3511A038;3463;222
406;216;289;2533A021  2533A105;682;43
407;216;585;2533A105  3511A086;430;18
408;217;218;2532A011022541A004;1404;97
409;217;219;2532A008022532A01101;261;19
410;217;305;2532A109  2532A01104;3502;221
411;218;345;2541A004  2541A029;3483;251
412;218;219;2541A004 2532A008;1205;91
413;220;308;2523A031  2523A030;4782;213
414;221;544;2514A010  2514A081;1062;42
415;221;543;2514A010 2514A066;1230;53
416;223;224;2531A068022531A069;2451;123
417;223;462;2531A009032531A06801;421;30
418;223;571;2531A068042531A077;1888;110
419;223;272;2532A038 2531A068;7877;449
420;224;705;2531A156 2531A069;9894;686
421;224;272;2531A069 2532A038;6120;318
422;225;226;2442A009  2533A034;6355;266
423;225;479;2442A009  2442A010;156;11
424;225;228;2442A057  2442A009;310;23
425;226;552;2533A034  2531A110;4011;173
426;227;228;2531A048  2442A057;2284;107
427;227;442;2531A047  2531A048;1767;80
428;227;508;2531A048  2531A115;330;13
429;228;257;2442A057  2531A113;3749;195
430;229;230;2442A047  2442A048;757;33
431;229;238;2442A046  2442A047;2039;81
432;229;495;2442A047  2442A130;790;30
433;230;494;2442A048  2442A131;1820;78
434;230;566;2442A048  2442A049;381;27
435;231;232;2531A045  2531A046;2128;98
436;231;468;2531A044  2531A045;1403;73
437;231;510;2531A045  2531A117;3400;170
438;232;442;2531A046  2531A047;57;4
439;232;493;2531A046  2531A119;575;39
440;233;234;2442A174  2442A044;1654;95
441;233;452;2442A173  2442A174;24;1
442;233;686;2442A174 2442A094;1993;107
443;234;235;2442A044  2442A006;1535;84
444;234;247;2442A044  2442A092;2461;125
445;235;236;2442A006  2442A007;926;67
446;235;237;2442A006  2442A067;5925;269
447;236;238;2442A007  2442A046;5952;343
448;236;451;2442A064  2442A007;631;44
449;237;448;2442A067  2442A068;133;10
450;237;501;2442A067  2442A12701;4557;216
451;237;695;2442A067 2444A055;5521;294
452;238;495;2442A130  2442A046;1799;71
453;238;501;2442A127022442A046;1973;77
454;239;240;2444A051  2444A052;3551;176
455;239;448;2442A068  2444A051;1421;61
456;239;694;2444A051 2444A056;5132;274
457;240;447;2444A052  2444A007;836;32
458;240;241;2444A052  2444A045;2568;118
459;241;242;2444A045  2444A046;1637;66
460;241;482;2442A058  2444A045;9740;488
461;242;243;2444A046  2444A009;740;36
462;242;504;2444A046  2444A088;683;37
463;243;447;2444A007  2444A009;1203;44
464;243;572;2444A009 2444A024;3960;181
465;244;245;2444A050  2444A006;444;33
466;244;505;2444A078  2444A050;149;11
467;245;246;2444A005022444A006;943;59
468;245;505;2444A006  2444A078;433;31
469;245;720;2444A006 2444A037;7381;427
470;246;710;2444A005 3422A098;10786;660
471;246;712;2444A005 2444A004;7481;496
472;247;248;2442A092  2442A095;1329;96
473;247;686;2442A092 2442A094;1327;81
474;249;250;2442A118  2442A119;1605;103
475;249;707;2442A118 2442A036;4033;218
476;249;677;2442A061 2442A118;2704;132
477;250;565;2442A119  2442A120;1085;45
478;250;498;2442A119  2442A139;1974;78
479;251;252;2442A063  2442A124;446;34
480;251;451;2442A063  2442A064;2900;123
481;251;677;2442A061 2442A063;3627;173
482;253;255;2531A025  2531A125;2227;118
483;253;256;2531A162  2531A125;3867;194
484;254;463;2442A001  2442A18405;660;25
485;254;466;2442A184022531A18301;4566;126
486;254;673;2442A181 2442A184;8692;242
487;255;464;2531A024  2531A025;1443;66
488;255;466;2531A025  2531A18305;2134;116
489;256;466;2531A183062531A162;863;46
490;256;467;2531A162  2531A00101;810;61
491;257;506;2531A113  2531A139;1326;54
492;257;508;2531A115  2531A113;2128;97
493;258;259;2532A081  2532A00601;755;54
494;258;351;2532A082012532A081;2150;87
495;258;356;2532A087  2532A081;2671;117
496;259;260;2532A006022532A007;293;19
497;259;352;2532A030  2532A00603;1001;72
498;260;261;2532A007  2532A027;5325;274
499;261;354;2532A029  2532A027;2879;166
500;261;373;2532A027  2532A028;132;10
501;262;419;2534A006  2534A01101;480;35
502;262;438;2534A021  2534A006;1706;99
503;263;264;2534A023  2543A015;5508;283
504;263;269;2534A052  2534A023;3265;178
505;264;266;2543A015  2543A010;410;29
506;265;266;2543A009  2543A010;345;23
507;265;432;2543A009  2543A022;1046;74
508;266;428;2543A010  2543A011;5645;292
509;267;268;2533A093  2533A073;1342;79
510;267;402;2533A066  2533A093;264;19
511;267;394;2533A093  2533A067;944;67
512;268;390;2533A073  2533A075;4511;222
513;268;393;2533A073  2533A068;8842;417
514;268;403;2533A074  2533A073;1305;58
515;269;419;2534A011032534A052;4169;190
516;269;421;2534A028  2534A052;3350;163
517;269;436;2534A052  2534A057;965;39
518;270;271;2532A002  2532A034;3455;185
519;270;272;2532A038  2532A002;1259;89
520;274;275;2532A097  2532A064;626;29
521;275;276;2532A064  2532A063;2896;154
522;277;351;2532A078 2532A082;4322;213
523;278;279;2534A032  2534A004;4154;188
524;278;281;3512A013  2534A032;8397;397
525;279;633;3512A014  2534A004;4076;237
526;279;282;2534A004  2534A005;469;32
527;280;281;3511A010  3512A013;7300;351
528;280;587;3511A088  3511A010;298;12
529;280;632;2533A009  3511A010;668;35
530;281;633;3512A013  3512A014;281;20
531;282;283;2534A005  3512A002;7649;358
532;282;634;2534A005  2534A024;507;36
533;283;591;3512A007  3512A002;180;7
534;283;592;3512A002  3512A008;3192;129
535;284;285;2533A015  2533A121;694;51
536;284;286;2533A015  2533A016;1000;73
537;286;287;2533A016  2533A111;3459;230
538;286;582;2533A016  2533A11808;899;65
539;287;637;2533A111  2533A114;1986;80
540;287;582;2533A118062533A111;2503;102
541;289;630;2533A021  3511A009;2215;159
542;292;293;2514A012  2514A165;400;16
543;295;296;2514A137  2514A132;3877;268
544;295;297;2514A137  2514A133;3452;238
545;301;302;2523A042  2523A033;1160;83
546;302;303;2514A092  2523A042;2946;208
547;303;304;2514A092  2523A035;3404;201
548;305;667;2532A092  2532A109;41;2
549;306;307;2532A107  2532A088;4351;295
550;306;666;2532A010032532A107;127;5
551;313;314;2543A020  2543A021;1946;138
552;319;320;2542A260  2541A021;2400;96
553;319;321;2542A260  2542A261;5735;228
554;329;360;2532A075 2532A071;6576;446
555;337;343;2541A045  2541A024;1291;58
556;337;344;2541A045  2541A046;2880;110
557;346;347;2514A096  2514A148;1875;98
558;346;716;2514A096 2512A095;4576;251
559;351;356;2532A087  2532A08202;764;54
560;351;358;2532A082022534A017;8913;425
561;352;353;2532A030  2532A068;2696;124
562;352;354;2532A029  2532A030;2320;100
563;355;356;2532A086  2532A087;242;17
564;355;357;2532A086  2532A105;2809;158
565;359;371;2534A044  2534A045;5627;335
566;359;363;2534A045  2534A013;2245;102
567;360;361;2532A071  2532A101;499;29
568;362;363;2534A012  2534A013;970;38
569;362;364;2534A012  2534A035;1267;74
570;363;365;2534A013  2534A014;441;16
571;364;365;2534A014  2534A035;727;51
572;364;366;2534A035  2534A033;3241;163
573;365;370;2534A014  2534A015;4695;193
574;366;387;2533A038  2534A033;3496;167
575;366;367;2534A033  2534A034;16;1
576;367;368;2534A034  2534A038;3148;152
577;367;413;2534A039  2534A034;3833;157
578;368;369;2534A038  2534A016;4701;240
579;368;413;2534A039  2534A038;2476;104
580;369;370;2534A015  2534A016;3805;199
581;370;371;2534A015  2534A044;127;9
582;371;372;2534A044  2534A047;3975;188
583;373;374;2532A028  2532A103;655;46
584;375;376;2531A022  2531A005;377;29
585;375;477;2531A021 2531A022;3494;150
586;375;527;2531A022 2531A086;3489;162
587;376;377;2531A005  2531A023;437;31
588;376;474;2531A034 2531A005;2332;122
589;377;378;2531A023  2531A061;3899;182
590;377;409;2531A023  2531A15001;2478;116
591;378;379;2531A060  2531A061;331;24
592;378;406;2531A061  2531A006;4436;182
593;379;380;2531A060  2531A136;1826;99
594;379;487;2531A059 2531A060;1787;75
595;380;381;2531A136  2531A088;33;3
596;380;487;2531A136 2531A059;1891;87
597;381;382;2531A088  2531A090;988;58
598;381;484;2531A088 2531A057;4832;294
599;382;383;2531A090  2531A094;3206;178
600;382;435;2531A090  2531A089;2088;111
601;383;384;2531A094  2531A091;1280;84
602;383;385;2531A094  2531A182;2584;186
603;385;412;2531A182  2531A014;295;22
604;385;405;2531A163 2531A182;2109;152
605;386;387;2533A037  2533A038;34;3
606;386;388;2533A079  2533A037;3240;169
607;388;389;2533A079  2533A077;2279;126
608;388;391;2533A078  2533A079;71;3
609;390;391;2533A075  2533A078;1663;66
610;390;392;2533A075  2533A076;1050;57
611;391;412;2531A014  2533A078;3523;177
612;393;394;2533A067  2533A068;3994;201
613;394;395;2533A025  2533A067;343;23
614;395;396;2533A025  2533A026;3291;194
615;395;401;2533A024  2533A025;188;13
616;396;397;2533A063  2533A026;6724;370
617;396;581;2533A026 2533A027;2509;140
618;397;398;2533A064  2533A063;1470;76
619;397;398;2533A063 2533A064;2096;209
620;398;399;2533A065  2533A064;1531;67
621;399;411;2531A133  2533A065;6096;318
622;399;401;2533A065  2533A024;576;40
623;400;401;2533A023  2533A024;2122;85
624;400;402;2533A023  2533A066;848;55
625;400;404;2533A106  2533A023;1011;71
626;402;403;2533A074  2533A066;1806;85
627;403;404;2533A106  2533A074;573;26
628;403;405;2531A163  2533A074;2827;138
629;404;407;2531A007  2533A106;793;55
630;405;434;2531A180  2531A163;318;21
631;406;407;2531A006  2531A007;2252;148
632;406;408;2531A173  2531A006;811;32
633;407;410;2531A164022531A007;4572;183
634;407;408;2531A007 2531A173;4297;173
635;408;409;2531A150032531A173;1080;44
636;409;410;2531A164032531A15002;353;14
637;410;411;2531A133  2531A16401;2167;87
638;411;522;2531A133 2531A096;2837;135
639;413;414;2534A040  2534A039;496;33
640;414;415;2533A085  2534A040;1843;96
641;414;417;2533A086  2534A040;1356;70
642;415;416;2533A085  2533A083;1298;72
643;415;645;2533A085 2533A084;2359;122
644;417;418;2533A086  2534A041;1440;83
645;417;646;2533A086 2533A088;1660;70
646;419;420;2534A011022534A008;1544;110
647;420;422;2534A027  2534A008;1243;69
648;420;421;2534A008  2534A028;535;39
649;421;423;2534A028  2534A030;1767;88
650;422;636;2534A027 2534A026;3685;157
651;423;424;2534A030  2534A031;4435;213
652;424;425;2534A031  2534A058;1354;96
653;424;437;2534A031  2543A003;3266;162
654;426;427;2543A013  2543A028;1131;79
655;426;437;2543A003  2543A013;3889;220
656;426;706;2543A013 2543A026;5618;367
657;428;429;2543A011  2543A023;4111;234
658;428;437;2543A011  2543A003;2196;161
659;429;430;2543A023  2543A024;1755;126
660;429;431;2543A023  2543A031;5057;302
661;438;635;2534A021 2534A025;7071;453
662;439;526;2531A098  2513A089;2346;123
663;439;671;2513A192 2513A089;3965;187
664;440;441;2531A018  2531A00301;154;12
665;440;460;2531A017  2531A018;3700;161
666;441;461;2531A003032531A00401;577;42
667;441;450;2531A040  2531A00302;2714;118
668;442;492;2531A047  2531A120;2408;116
669;443;444;2531A062  2531A063;198;14
670;444;489;2531A063  2531A165;277;20
671;444;558;2531A063  2531A166;243;18
672;445;446;2531A053  2531A054;550;22
673;445;480;2531A008  2531A053;850;38
674;445;554;2531A053  2531A084;416;16
675;446;475;2531A054  2531A055;110;4
676;446;554;2531A084  2531A054;521;21
677;447;696;2444A022 2444A007;5460;287
678;448;503;2442A068  2444A085;2520;127
679;449;450;2531A185  2531A040;1335;59
680;449;465;2531A153  2531A185;546;34
681;450;525;2531A040  2531A101;444;33
682;451;499;2442A123  2442A064;3730;228
683;452;564;2442A173  2442A091;2218;123
684;452;719;2442A173 2442A042;1706;74
685;453;454;2514A001  2514A060;248;18
686;453;455;2514A009  2514A001;204;14
687;453;478;2514A008  2514A001;85;6
688;454;483;2514A060  2514A069;574;39
689;454;532;2514A060  2514A061;2333;126
690;455;456;2513A086  2514A009;5902;295
691;455;539;2514A074  2514A009;5400;253
692;456;684;2513A086 2513A081;1373;70
693;456;682;2513A086 2513A105;1694;99
694;458;459;2513A087  2513A088;1239;59
695;458;530;2513A193  2513A087;2875;139
696;458;563;2513A087  2513A099;1046;40
697;459;462;2513A088  2531A00901;6070;325
698;459;529;2513A088  2513A098;3455;165
699;459;559;2513A088  2513A107;35;3
700;460;526;2531A017  2531A098;3052;137
701;461;471;2531A004022531A019;1113;77
702;461;491;2531A037  2531A00403;2170;122
703;462;485;2531A009022531A050;292;24
704;463;464;2442A001  2531A024;1298;58
705;463;707;2442A001 2442A036;6473;312
706;463;709;2442A001 2442A021;3000;194
707;464;524;2531A024  2531A126;691;49
708;465;469;2531A153 2531A002;1280;95
709;467;469;2531A001 2531A002;574;40
710;468;470;2531A032  2531A044;1491;72
711;469;470;2531A002  2531A032;2699;176
712;470;473;2531A032  2531A033;4691;219
713;470;511;2531A032  2531A102;1887;102
714;471;472;2531A019  2531A020;1883;83
715;471;472;2531A020 2531A019;2331;141
716;472;477;2531A020  2531A021;451;27
717;473;474;2531A033  2531A034;1866;75
718;473;516;2531A033  2531A103;1948;90
719;474;521;2531A034  2531A097;156;10
720;475;476;2531A055  2531A056;1511;76
721;475;555;2531A055  2531A085;1218;55
722;476;484;2531A056  2531A057;1393;65
723;476;555;2531A085  2531A056;1777;94
724;477;527;2531A021  2531A086;1952;79
725;478;530;2513A193  2514A008;278;22
726;478;531;2514A008  2514A085;917;67
727;479;482;2442A010  2442A058;1156;64
728;479;566;2442A049  2442A010;133;10
729;480;481;2531A008  2531A035;926;41
730;480;488;2531A052  2531A008;1151;72
731;481;554;2531A035  2531A084;1097;44
732;481;558;2531A166  2531A035;2724;144
733;481;491;2531A035  2531A037;2796;141
734;482;523;2442A058  2442A129;1857;83
735;483;533;2514A069  2514A086;311;21
736;484;486;2531A057  2531A058;1672;74
737;485;556;2531A050  2531A066;647;47
738;485;569;2531A050  2531A051;498;38
739;486;487;2531A058  2531A059;681;48
740;486;527;2531A086  2531A058;3036;143
741;488;490;2531A065  2531A052;1120;67
742;488;569;2531A051  2531A052;837;54
743;489;490;2531A165  2531A065;2290;98
744;489;558;2531A165  2531A166;396;29
745;490;556;2531A065  2531A066;1093;52
746;491;526;2531A037  2531A098;4352;196
747;492;494;2531A120  2442A131;3575;174
748;494;495;2442A131  2442A130;1371;54
749;495;496;2442A130  2442A140;1940;114
750;496;497;2442A140  2442A141;193;14
751;496;498;2442A140  2442A139;3566;173
752;498;500;2442A139  2442A122;860;38
753;499;500;2442A122  2442A123;249;17
754;499;500;2442A123 2442A122;527;49
755;501;502;2442A127032442A128;1289;69
756;505;567;2444A078  2444A070;1548;111
757;506;507;2531A139  2531A112;126;5
758;506;551;2531A139  2531A111;780;49
759;507;510;2531A117  2531A112;2958;180
760;507;552;2531A112  2531A110;1809;85
761;508;509;2531A115  2531A114;691;44
762;510;517;2531A138  2531A117;4735;232
763;511;512;2531A102  2531A134;2336;97
764;511;516;2531A102  2531A103;2020;95
765;512;513;2531A134  2531A135;420;25
766;512;514;2531A134  2531A104;129;5
767;514;515;2531A104  2531A106;2011;84
768;514;516;2531A103  2531A104;1223;56
769;515;517;2531A106  2531A138;134;10
770;515;518;2531A107  2531A106;2709;135
771;517;519;2531A138  2531A108;2242;96
772;518;520;2531A107  2531A105;1600;92
773;518;521;2531A097  2531A107;2218;102
774;519;522;2531A096  2531A108;6238;297
775;519;553;2531A108  2531A109;1343;55
776;521;522;2531A097  2531A096;560;38
777;527;555;2531A086  2531A085;2906;140
778;528;529;2513A097  2513A098;432;30
779;528;556;2531A066  2513A097;4988;246
780;529;679;2513A098 2513A029;5159;258
781;530;679;2513A193 2513A029;6043;427
782;532;536;2514A061  2514A062;2898;143
783;532;537;2514A061  2514A077;2531;113
784;533;534;2514A086  2514A088;2404;116
785;533;535;2514A086  2514A087;5374;388
786;534;562;2514A088  2531A078;1724;97
787;534;563;2514A088  2513A099;1344;71
788;536;537;2514A062  2514A077;1133;58
789;536;541;2514A062  2514A064;3337;207
790;537;538;2514A077  2514A078;116;9
791;538;539;2514A074  2514A078;2990;157
792;538;668;2514A078 2514A079;2723;121
793;539;540;2514A070  2514A074;31;3
794;540;682;2514A070 2513A105;2318;114
795;540;718;2514A070 2514A179;2592;114
796;540;669;2514A070 2514A090;2579;131
797;541;542;2514A064  2514A065;1826;79
798;541;668;2514A064 2514A079;1706;76
799;542;543;2514A065  2514A066;224;16
800;542;674;2514A065 2514A089;3385;180
801;543;544;2514A066  2514A081;1568;68
802;544;545;2514A081  2514A082;2135;129
803;545;546;2514A082  2514A083;669;47
804;545;547;2514A082  2514A084;1519;109
805;548;549;2532A059  2532A060;2000;141
806;548;550;2532A059  2532A058;3117;195
807;548;561;2531A079  2532A059;2533;137
808;552;553;2531A110  2531A109;1972;85
809;553;581;2531A109 2533A027;10354;547
810;556;557;2531A066  2531A080;3317;152
811;559;560;2513A107  2513A108;102;7
812;559;561;2513A107  2531A079;2603;141
813;561;562;2531A078  2531A079;109;8
814;562;563;2513A099  2531A078;1483;68
815;566;568;2442A049  2442A142;101;8
816;569;570;2531A051  2531A081;94;8
817;572;573;2444A024  2533A01101;8071;325
818;572;625;2444A024  2444A072;1482;69
819;573;574;2533A011022533A00101;2426;98
820;573;618;2533A011042533A050;639;45
821;574;575;2533A001022533A11601;2002;80
822;574;596;2533A001042533A029;1769;92
823;574;618;2533A050  2533A00105;2066;110
824;574;612;2533A001032533A097;1160;53
825;575;576;2533A116032533A012;825;32
826;575;601;2533A116022533A11701;1820;74
827;576;577;2533A012  2533A004;1529;69
828;576;613;2533A002  2533A012;1521;104
829;577;578;2533A004  2533A109;460;33
830;577;601;2533A004  2533A11707;1156;51
831;579;580;2533A028  2533A107;2397;109
832;580;581;2533A027  2533A028;2058;133
833;580;621;2533A028  2533A058;3598;216
834;582;601;2533A117032533A11801;4423;175
835;583;584;3511A003  3511A013;265;19
836;583;703;3511A003 3511A040;5574;248
837;584;711;3511A013 3511A012;3955;248
838;584;723;3511A001  3511A013;5552;282
839;585;586;3511A086  3511A032;2406;102
840;585;627;3511A038  3511A086;3447;150
841;586;629;3511A032  3511A011;4823;251
842;586;630;3511A009  3511A032;477;34
843;586;587;3511A032 3511A088;760;52
844;587;588;3511A088  3512A004;5485;262
845;588;589;3512A004  3512A005;540;38
846;588;653;3512A015  3512A004;5308;282
847;589;590;3512A005  3512A006;4110;192
848;589;660;3512A005  3512A019;5472;248
849;590;591;3512A006  3512A007;3125;123
850;590;655;3512A006  3512A017;8657;472
851;591;656;3512A007  3512A024;7582;302
852;592;593;3512A008  3512A009;2851;135
853;592;659;3512A020  3512A008;1060;43
854;593;594;3512A009  3512A010;1642;108
855;593;658;3512A009  3512A022;1610;96
856;594;595;3512A010  3512A025;1624;94
857;594;657;3512A010  3512A023;2959;211
858;596;597;2533A029  2444A011;6588;331
859;596;609;2533A051  2533A029;251;17
860;597;598;2444A011  2444A010;1492;77
861;597;600;2444A011  2444A031;1726;94
862;598;599;2444A038  2444A010;296;20
863;598;697;2444A010 2444A029;4279;225
864;599;665;2444A038  2444A073;590;41
865;599;720;2444A038 2444A037;2230;113
866;600;608;2444A031  2444A077;1360;69
867;600;702;2444A031 3422A045;2865;186
868;601;602;2533A117052533A030;1721;69
869;602;603;2533A030  2533A031;2106;83
870;602;611;2533A030  2533A052;1099;69
871;603;604;2533A031  2533A112;1442;107
872;603;612;2533A031  2533A097;4029;176
873;604;605;2533A112  2533A033;1310;68
874;604;609;2533A112  2533A051;4127;201
875;605;610;2533A033  2444A074;3940;244
876;605;723;2533A033 3511A001;4254;216
877;606;607;3511A007  3511A048;4922;264
878;606;627;3511A007  3511A038;4284;187
879;607;628;3511A033  3511A048;638;27
880;609;610;2533A051  2444A074;4742;246
881;610;702;2444A074 3422A045;4166;269
882;612;613;2533A097  2533A002;186;13
883;613;614;2533A053  2533A002;672;48
884;614;616;2533A053  2533A095;875;64
885;614;615;2533A054  2533A053;873;62
886;615;616;2533A054  2533A095;195;14
887;615;620;2533A055  2533A054;2885;139
888;616;617;2533A095  2533A096;1583;96
889;617;618;2533A096  2533A050;2133;130
890;617;619;2533A096  2533A049;2487;180
891;620;626;2533A055  2533A048;6269;337
892;621;622;2533A058  2533A057;1973;103
893;622;623;2533A057  2533A047;4141;227
894;622;624;2533A057  2533A120;877;34
895;627;628;3511A038  3511A033;5047;243
896;628;629;3511A011  3511A033;2723;115
897;629;651;3511A011  3511A073;1841;125
898;630;631;3511A015  3511A009;385;28
899;631;632;2533A009  3511A015;343;25
900;631;647;3511A015  2533A089;2594;150
901;633;660;3512A019  3512A014;236;17
902;634;635;2534A024  2534A025;325;24
903;634;659;2534A024  3512A020;6749;289
904;635;636;2534A025  2534A026;3482;203
905;637;638;2533A114  2533A071;1565;111
906;639;703;3511A067 3511A040;3461;188
907;641;642;2533A081  2533A087;745;28
908;641;645;2533A084  2533A087;1356;76
909;642;643;2533A081  2533A080;1223;49
910;643;644;2533A080  2533A046;2152;113
911;643;664;2533A080  2533A082;1133;79
912;645;646;2533A088  2533A084;2750;116
913;646;647;2533A089  2533A088;5899;295
914;647;648;2533A089  2534A042;5300;225
915;651;653;3511A073  3512A015;1835;72
916;653;654;3512A016  3512A015;5771;234
917;654;655;3512A017  3512A016;2707;129
918;655;662;3512A027  3512A017;3508;151
919;659;663;3512A020  3512A028;6046;360
920;660;661;3512A019  3512A018;294;21
921;668;669;2514A079  2514A090;1577;100
922;668;674;2514A079 2514A089;2203;112
923;669;718;2514A090 2514A179;2660;155
924;670;671;2513A007  2513A192;113;4
925;670;692;2513A007 2513A103;448;25
926;671;681;2513A192 2513A026;13387;669
927;672;673;2442A005  2442A18105;547;34
928;672;707;2442A036 2442A005;2413;168
929;672;685;2442A098 2442A005;6567;391
930;673;677;2442A181062442A061;1027;41
931;674;675;2514A089  2514A115;114;9
932;675;676;2514A115  2514A116;1832;78
933;675;693;2514A051  2514A115;3949;177
934;678;679;2513A028  2513A029;38;2
935;678;680;2513A028  2513A113;105;8
936;678;681;2513A028 2513A026;243;17
937;680;681;2513A026  2513A113;137;10
938;680;684;2513A081 2513A113;4063;224
939;682;683;2513A105  2513A150;716;32
940;683;684;2513A081  2513A150;1929;78
941;683;718;2513A150 2514A179;4508;235
942;685;686;2442A098  2442A094;865;62
943;685;719;2442A098 2442A042;2071;95
944;687;688;2514A025  2514A026;1217;58
945;687;721;2514A025 2514A049;11190;567
946;688;717;2514A026 2514A101;1953;97
947;689;690;2514A121  2514A152;1081;57
948;690;721;2514A152 2514A049;3692;198
949;691;692;2513A030  2513A103;3312;177
950;691;708;2513A030 2513A060;13911;787
951;693;721;2514A051 2514A049;3313;157
952;694;695;2444A056  2444A055;2014;107
953;694;696;2444A022  2444A056;2624;133
954;695;719;2444A055 2442A042;28275;1545
955;696;712;2444A022 2444A004;3921;191
956;697;698;2444A029  2444A030;353;25
957;697;700;3422A077 2444A029;2678;183
958;698;699;2444A030  3422A035;1377;71
959;698;720;2444A037 2444A030;4147;288
960;699;700;3422A035 3422A077;3411;171
961;699;710;3422A035 3422A098;5456;307
962;700;701;3422A077  3422A046;2315;106
963;701;702;3422A045  3422A046;431;17
964;701;722;3511A047  3422A046;6334;339
965;703;704;3511A040023511A005;605;44
966;704;711;3511A012 3511A005;5998;309
967;708;709;2442A021 2513A060;13500;766
968;710;712;2444A004 3422A098;25962;1653
969;711;722;3511A012 3511A047;7470;400
970;713;715;2523A015 2523A014;19212;1271
971;714;717;2514A101 2512A091;2259;115
972;714;716;2512A095 2512A091;3351;177
973;715;716;2523A014 2512A095;13369;1048
974;722;723;3511A001  3511A047;49;3
